Time,0,1
2022-08-22 09:01:00,-0.002225519287833828,0.0
2022-08-22 09:02:00,0.001486988847583643,8.0
2022-08-22 09:03:00,0.0022271714922048997,0.2
2022-08-22 09:04:00,-0.0022222222222222222,0.5
2022-08-22 09:05:00,0.0007423904974016332,6.0
2022-08-22 09:06:00,-0.001483679525222552,0.25
2022-08-22 09:07:00,-0.0014858841010401188,inf
2022-08-22 09:08:00,-0.002976190476190476,1.3333333333333333
2022-08-22 09:09:00,0.0007462686567164179,4.5
2022-08-22 09:10:00,0.0,0.3333333333333333
2022-08-22 09:11:00,0.003355704697986577,0.25
2022-08-22 09:12:00,0.0007432181345224824,0.0
2022-08-22 09:13:00,0.004827330115113257,0.0
2022-08-22 09:14:00,-0.0018477457501847746,0.0
2022-08-22 09:15:00,0.0,1.6666666666666667
2022-08-22 09:16:00,-0.0018511662347278786,0.25
2022-08-22 09:17:00,-0.0025964391691394658,2.5
2022-08-22 09:18:00,-0.0007437709185570844,inf
2022-08-22 09:19:00,0.0,4.0
2022-08-22 09:20:00,-0.0003721622627465575,0.5
2022-08-22 09:21:00,0.0,inf
2022-08-22 09:22:00,-0.00037230081906180194,1.5
2022-08-22 09:23:00,-0.00037243947858472997,inf
2022-08-22 09:24:00,-0.0014903129657228018,inf
2022-08-22 09:25:00,0.001119402985074627,inf
2022-08-22 09:26:00,0.0007454342154304882,0.2
2022-08-22 09:27:00,0.0,1.0
2022-08-22 09:28:00,0.00037243947858472997,1.5
2022-08-22 09:29:00,0.0,0.3333333333333333
2022-08-22 09:30:00,-0.0014892032762472078,3.0
2022-08-22 09:31:00,0.0011185682326621924,inf
2022-08-22 09:32:00,-0.00037243947858472997,0.3333333333333333
2022-08-22 09:33:00,0.0,3.0
2022-08-22 09:34:00,0.00037257824143070045,2.0
2022-08-22 09:35:00,0.0,0.0
2022-08-22 09:36:00,0.0,1.0
2022-08-22 09:37:00,0.0022346368715083797,1.0
2022-08-22 09:38:00,0.0011148272017837235,0.3333333333333333
2022-08-22 09:39:00,0.0003711952487008166,0.25
2022-08-22 09:40:00,-0.0018552875695732839,0.0
2022-08-22 09:41:00,0.0007434944237918215,inf
2022-08-22 09:42:00,0.0003714710252600297,0.0
2022-08-22 09:43:00,0.0011139992573338284,0.0
2022-08-22 09:44:00,-0.001112759643916914,0.2
2022-08-22 09:45:00,0.0003713330857779428,inf
2022-08-22 09:46:00,0.0022271714922048997,2.0
2022-08-22 09:47:00,0.00037037037037037035,0.0
2022-08-22 09:48:00,-0.0011106997408367272,0.3333333333333333
2022-08-22 09:49:00,0.0,inf
2022-08-22 09:50:00,0.00037064492216456633,2.0
2022-08-22 09:51:00,0.0,0.5
2022-08-22 09:52:00,-0.0007410151908114116,0.3333333333333333
2022-08-22 09:53:00,0.0003707823507601038,inf
2022-08-22 09:54:00,0.0007412898443291327,2.0
2022-08-22 09:55:00,-0.00037037037037037035,0.0
2022-08-22 09:56:00,-0.0003705075954057058,2.0
2022-08-22 09:57:00,-0.0007412898443291327,inf
2022-08-22 09:58:00,0.000370919881305638,3.0
2022-08-22 09:59:00,0.0003707823507601038,1.0
2022-08-22 10:00:00,0.0007412898443291327,1.0
2022-08-22 10:01:00,0.0014814814814814814,0.0
2022-08-22 10:02:00,-0.0003698224852071006,0.2
2022-08-22 10:03:00,-0.0014798372179060304,3.0
2022-08-22 10:04:00,0.0,2.0
2022-08-22 10:05:00,0.001852537977028529,0.5
2022-08-22 10:06:00,-0.0014792899408284023,0.0
2022-08-22 10:07:00,0.0014814814814814814,inf
2022-08-22 10:08:00,-0.0007396449704142012,0.0
2022-08-22 10:09:00,0.0007401924500370096,0.6666666666666666
2022-08-22 10:10:00,0.0,0.25
2022-08-22 10:11:00,0.0,3.0
2022-08-22 10:12:00,-0.0011094674556213018,1.0
2022-08-22 10:13:00,-0.00037023324694557573,4.0
2022-08-22 10:14:00,0.00037037037037037035,2.0
2022-08-22 10:15:00,-0.00037023324694557573,1.0
2022-08-22 10:31:00,0.0007412898443291327,2.5
2022-08-22 10:32:00,0.0007407407407407407,0.0
2022-08-22 10:33:00,-0.0011102886750555144,0.5
2022-08-22 10:34:00,-0.0003705075954057058,inf
2022-08-22 10:35:00,-0.0007412898443291327,2.0
2022-08-22 10:36:00,0.001483679525222552,1.0
2022-08-22 10:37:00,-0.00037037037037037035,0.0
2022-08-22 10:38:00,-0.0007410151908114116,1.5
2022-08-22 10:39:00,0.0014831294030404152,2.0
2022-08-22 10:40:00,-0.0007404664938911515,0.25
2022-08-22 10:41:00,0.0003705075954057058,inf
2022-08-22 10:42:00,0.00037037037037037035,1.0
2022-08-22 10:43:00,-0.0018511662347278786,0.0
2022-08-22 10:44:00,0.0,5.0
2022-08-22 10:45:00,0.000370919881305638,3.0
2022-08-22 10:46:00,-0.0003707823507601038,1.0
2022-08-22 10:47:00,0.002225519287833828,inf
2022-08-22 10:48:00,-0.0003700962250185048,0.0
2022-08-22 10:49:00,0.0011106997408367272,1.0
2022-08-22 10:50:00,0.0003698224852071006,0.0
2022-08-22 10:51:00,-0.0007393715341959334,1.3333333333333333
2022-08-22 10:52:00,-0.0007399186089530152,inf
2022-08-22 10:53:00,0.00037023324694557573,inf
2022-08-22 10:54:00,0.0011102886750555144,0.3333333333333333
2022-08-22 10:55:00,0.0,0.6666666666666666
2022-08-22 10:56:00,0.0007393715341959334,2.0
2022-08-22 10:57:00,0.0003694126339120798,0.0
2022-08-22 10:58:00,0.00036927621861152144,0.5
2022-08-22 10:59:00,0.0,0.0
2022-08-22 11:00:00,-0.0011074197120708748,0.0
2022-08-22 11:01:00,-0.0003695491500369549,inf
2022-08-22 11:02:00,0.0007393715341959334,0.5
2022-08-22 11:03:00,0.0,0.0
2022-08-22 11:04:00,-0.0003694126339120798,0.0
2022-08-22 11:05:00,0.0014781966001478197,1.0
2022-08-22 11:06:00,-0.001107011070110701,0.0
2022-08-22 11:07:00,-0.0007388252678241596,6.0
2022-08-22 11:08:00,0.0014787430683918669,2.0
2022-08-22 11:09:00,-0.00036913990402362494,0.25
2022-08-22 11:10:00,0.0,2.0
2022-08-22 11:11:00,-0.00036927621861152144,inf
2022-08-22 11:12:00,0.0,2.0
2022-08-22 11:13:00,0.0011082379017362395,0.5
2022-08-22 11:14:00,-0.00036900369003690036,0.25
2022-08-22 11:15:00,0.0,1.0
2022-08-22 11:16:00,0.0011074197120708748,0.5
2022-08-22 11:17:00,-0.0003687315634218289,0.0
2022-08-22 11:18:00,-0.0007377351530800443,1.0
2022-08-22 11:19:00,0.00036913990402362494,inf
2022-08-22 11:20:00,0.0007380073800738007,0.5
2022-08-22 11:21:00,0.0003687315634218289,0.0
2022-08-22 11:22:00,0.0007371913011426465,0.0
2022-08-22 11:23:00,-0.0011049723756906078,0.0
2022-08-22 11:24:00,0.0,3.0
2022-08-22 11:25:00,-0.0003687315634218289,1.0
2022-08-22 11:26:00,-0.0011066027296200663,0.5
2022-08-22 11:27:00,-0.0007385524372230429,1.5
2022-08-22 11:28:00,0.0007390983000739098,1.0
2022-08-22 11:29:00,0.00036927621861152144,1.0
2022-08-22 11:30:00,0.00036913990402362494,2.0
2022-08-22 13:31:00,0.00037023324694557573,2.5
2022-08-22 13:32:00,-0.0007401924500370096,2.0
2022-08-22 13:33:00,0.0,inf
2022-08-22 13:34:00,0.0007407407407407407,1.0
2022-08-22 13:35:00,0.0007401924500370096,1.5
2022-08-22 13:36:00,0.0,0.5
2022-08-22 13:37:00,0.0007396449704142012,1.0
2022-08-22 13:38:00,-0.0007390983000739098,0.0
2022-08-22 13:39:00,-0.0003698224852071006,inf
2022-08-22 13:40:00,0.0007399186089530152,inf
2022-08-22 13:41:00,-0.0018484288354898336,1.0
2022-08-22 13:42:00,-0.0011111111111111111,5.0
2022-08-22 13:43:00,0.0011123470522803114,4.0
2022-08-22 13:44:00,0.0007407407407407407,0.0
2022-08-22 13:45:00,-0.0003700962250185048,0.3333333333333333
2022-08-22 13:46:00,-0.00037023324694557573,0.5
2022-08-22 13:47:00,0.0007407407407407407,2.0
2022-08-22 13:48:00,-0.0007401924500370096,0.0
2022-08-22 13:49:00,-0.00037037037037037035,2.0
2022-08-22 13:50:00,0.0007410151908114116,0.5
2022-08-22 13:51:00,0.0,0.0
2022-08-22 13:52:00,-0.00037023324694557573,2.0
2022-08-22 13:53:00,0.0011111111111111111,1.0
2022-08-22 13:54:00,-0.0011098779134295228,0.0
2022-08-22 13:55:00,0.0007407407407407407,inf
2022-08-22 13:56:00,0.0003700962250185048,0.5
2022-08-22 13:57:00,-0.0003699593044765076,0.0
2022-08-22 13:58:00,-0.0007401924500370096,0.3333333333333333
2022-08-22 13:59:00,0.00037037037037037035,inf
2022-08-22 14:00:00,-0.0018511662347278786,1.0
2022-08-22 14:01:00,0.000370919881305638,inf
2022-08-22 14:02:00,-0.0003707823507601038,1.0
2022-08-22 14:03:00,-0.001112759643916914,inf
2022-08-22 14:04:00,0.0003713330857779428,3.0
2022-08-22 14:05:00,-0.001855976243504083,1.0
2022-08-22 14:06:00,0.0003718854592785422,5.0
2022-08-22 14:07:00,-0.0003717472118959108,0.5
2022-08-22 14:08:00,0.0003718854592785422,3.0
2022-08-22 14:09:00,0.0,0.5
2022-08-22 14:10:00,0.0,2.0
2022-08-22 14:11:00,-0.0003717472118959108,1.0
2022-08-22 14:12:00,-0.00334696913350688,2.0
2022-08-22 14:13:00,0.00037313432835820896,inf
2022-08-22 14:14:00,0.0003729951510630362,1.5
2022-08-22 14:15:00,0.0,0.5
2022-08-22 14:16:00,-0.0003728560775540641,0.0
2022-08-22 14:17:00,0.0007459903021260724,inf
2022-08-22 14:18:00,0.0011181513231457323,0.0
2022-08-22 14:19:00,-0.0018615040953090098,0.0
2022-08-22 14:20:00,0.0014919806042521448,inf
2022-08-22 14:21:00,-0.0007448789571694599,0.0
2022-08-22 14:22:00,0.0,3.0
2022-08-22 14:23:00,-0.0003727171077152441,0.5
2022-08-22 14:24:00,0.002609992542878449,2.0
2022-08-22 14:25:00,0.0,0.0
2022-08-22 14:26:00,0.0007437709185570844,0.5
2022-08-22 14:27:00,-0.0003716090672612412,0.25
2022-08-22 14:28:00,0.0003717472118959108,2.0
2022-08-22 14:29:00,0.0,3.0
2022-08-22 14:30:00,0.0003716090672612412,1.0
2022-08-22 14:31:00,-0.001114413075780089,1.0
2022-08-22 14:32:00,0.0003718854592785422,inf
2022-08-22 14:33:00,-0.0011152416356877324,1.0
2022-08-22 14:34:00,0.0,inf
2022-08-22 14:35:00,0.0003721622627465575,2.0
2022-08-22 14:36:00,0.0003720238095238095,1.0
2022-08-22 14:37:00,0.002231312755671253,1.0
2022-08-22 14:38:00,-0.0007421150278293135,0.0
2022-08-22 14:39:00,0.0003713330857779428,2.0
2022-08-22 14:40:00,-0.0007423904974016332,0.5
2022-08-22 14:41:00,-0.0003714710252600297,inf
2022-08-22 14:42:00,0.0003716090672612412,inf
2022-08-22 14:43:00,0.0007429420505200594,1.0
2022-08-22 14:44:00,-0.0003711952487008166,0.0
2022-08-22 14:45:00,-0.0003713330857779428,1.0
2022-08-22 14:46:00,0.0007429420505200594,inf
2022-08-22 14:47:00,-0.0003711952487008166,0.0
2022-08-22 14:48:00,0.0003713330857779428,0.5
2022-08-22 14:49:00,-0.0007423904974016332,0.0
2022-08-22 14:50:00,0.0,inf
2022-08-22 14:51:00,-0.0003714710252600297,2.0
2022-08-22 14:52:00,0.0,2.0
2022-08-22 14:53:00,0.0,0.0
2022-08-22 14:54:00,-0.0003716090672612412,1.0
2022-08-22 14:55:00,0.0,inf
2022-08-22 14:56:00,-0.0003717472118959108,1.0
2022-08-22 14:57:00,0.0011156563778356265,inf
2022-08-22 14:58:00,0.0,0.0
2022-08-22 14:59:00,0.0,1.0
2022-08-22 15:00:00,-0.0003714710252600297,1.0
2022-08-23 09:01:00,0.0014625228519195613,0.35
2022-08-23 09:02:00,-0.0032858707557502738,0.6666666666666666
2022-08-23 09:03:00,0.0,5.0
2022-08-23 09:04:00,-0.0018315018315018315,1.0
2022-08-23 09:05:00,0.001834862385321101,3.0
2022-08-23 09:06:00,-0.001098901098901099,0.4
2022-08-23 09:07:00,0.0018335166850018336,6.0
2022-08-23 09:08:00,0.0007320644216691069,0.0
2022-08-23 09:09:00,0.000731528895391368,0.5
2022-08-23 09:10:00,0.001827485380116959,0.16666666666666666
2022-08-23 09:11:00,-0.0010944910616563297,0.4
2022-08-23 09:12:00,-0.0007304601899196494,4.0
2022-08-23 09:13:00,0.0014619883040935672,3.0
2022-08-23 09:14:00,0.004744525547445255,0.2
2022-08-23 09:15:00,0.0,0.07692307692307693
2022-08-23 09:16:00,-0.002179440610243371,8.0
2022-08-23 09:17:00,0.00036403349108117945,7.0
2022-08-23 09:18:00,-0.001091703056768559,4.0
2022-08-23 09:19:00,0.00036429872495446266,inf
2022-08-23 09:20:00,0.001820830298616169,1.0
2022-08-23 09:21:00,0.0021810250817884407,0.16666666666666666
2022-08-23 09:22:00,0.0003627130939426913,0.14285714285714285
2022-08-23 09:23:00,0.0029006526468455403,1.5
2022-08-23 09:24:00,0.0039768618944323935,0.125
2022-08-23 09:25:00,-0.0032409074540871445,0.16666666666666666
2022-08-23 09:26:00,0.000722543352601156,10.0
2022-08-23 09:27:00,0.0010830324909747292,0.3333333333333333
2022-08-23 09:28:00,0.0,0.2
2022-08-23 09:29:00,0.0032455824017309774,2.0
2022-08-23 09:30:00,-0.0025161754133716753,0.2222222222222222
2022-08-23 09:31:00,0.00036036036036036037,13.0
2022-08-23 09:32:00,0.002521613832853026,0.3333333333333333
2022-08-23 09:33:00,-0.0007186489399928135,0.2857142857142857
2022-08-23 09:34:00,0.000719165767709457,2.0
2022-08-23 09:35:00,-0.00035932446999640676,0.3333333333333333
2022-08-23 09:36:00,0.0,0.25
2022-08-23 09:37:00,0.0,3.0
2022-08-23 09:38:00,-0.0003594536304816679,0.5
2022-08-23 09:39:00,0.0003595828838547285,inf
2022-08-23 09:40:00,0.0003594536304816679,3.0
2022-08-23 09:41:00,-0.0017966223499820337,1.5
2022-08-23 09:42:00,-0.0014398848092152627,7.0
2022-08-23 09:43:00,0.001802451333813987,4.0
2022-08-23 09:44:00,-0.0003598416696653472,0.16666666666666666
2022-08-23 09:45:00,0.0,1.5
2022-08-23 09:46:00,0.0014398848092152627,2.0
2022-08-23 09:47:00,0.0003594536304816679,0.25
2022-08-23 09:48:00,-0.00035932446999640676,0.5
2022-08-23 09:49:00,0.0,2.0
2022-08-23 09:50:00,0.0003594536304816679,2.0
2022-08-23 09:51:00,0.0,0.5
2022-08-23 09:52:00,0.00035932446999640676,1.0
2022-08-23 09:53:00,-0.0014367816091954023,0.0
2022-08-23 09:54:00,0.0014388489208633094,inf
2022-08-23 09:55:00,0.0,0.0
2022-08-23 09:56:00,-0.00035919540229885057,0.5
2022-08-23 09:57:00,-0.0017966223499820337,1.0
2022-08-23 09:58:00,0.0007199424046076314,inf
2022-08-23 09:59:00,0.0,0.0
2022-08-23 10:00:00,0.00035971223021582735,0.5
2022-08-23 10:01:00,0.0,2.0
2022-08-23 10:02:00,-0.001438331535418914,1.0
2022-08-23 10:03:00,0.0007202016564638099,inf
2022-08-23 10:04:00,-0.0003598416696653472,0.5
2022-08-23 10:05:00,0.0007199424046076314,2.0
2022-08-23 10:06:00,0.00035971223021582735,0.25
2022-08-23 10:07:00,-0.0003595828838547285,1.0
2022-08-23 10:08:00,0.0,1.0
2022-08-23 10:09:00,0.0007194244604316547,0.5
2022-08-23 10:10:00,0.0007189072609633358,0.0
2022-08-23 10:11:00,-0.0014367816091954023,0.0
2022-08-23 10:12:00,0.00035971223021582735,4.0
2022-08-23 10:13:00,-0.000719165767709457,1.0
2022-08-23 10:14:00,0.0,inf
2022-08-23 10:15:00,0.0,1.0
2022-08-23 10:31:00,0.0003599712023038157,2.0
2022-08-23 10:32:00,-0.0014393666786613889,0.0
2022-08-23 10:33:00,0.00036036036036036037,5.0
2022-08-23 10:34:00,-0.00036023054755043225,0.0
2022-08-23 10:35:00,0.0007207207207207207,1.0
2022-08-23 10:36:00,-0.00036010082823190496,0.3333333333333333
2022-08-23 10:37:00,-0.00036023054755043225,inf
2022-08-23 10:38:00,0.0007207207207207207,inf
2022-08-23 10:39:00,0.00036010082823190496,0.5
2022-08-23 10:40:00,0.0,0.5
2022-08-23 10:41:00,-0.0003599712023038157,0.5
2022-08-23 10:42:00,0.0,2.0
2022-08-23 10:43:00,0.00036010082823190496,inf
2022-08-23 10:44:00,0.0,1.0
2022-08-23 10:45:00,0.0003599712023038157,1.0
2022-08-23 10:46:00,0.0007196833393306944,1.0
2022-08-23 10:47:00,-0.000719165767709457,0.0
2022-08-23 10:48:00,-0.0003598416696653472,1.0
2022-08-23 10:49:00,0.0003599712023038157,1.0
2022-08-23 10:50:00,-0.0007196833393306944,0.5
2022-08-23 10:51:00,0.00036010082823190496,2.0
2022-08-23 10:52:00,0.0,1.0
2022-08-23 10:53:00,0.0,1.0
2022-08-23 10:54:00,0.0003599712023038157,0.5
2022-08-23 10:55:00,-0.0010795250089960418,1.0
2022-08-23 10:56:00,-0.0007204610951008645,inf
2022-08-23 10:57:00,0.0003604902667627974,2.0
2022-08-23 10:58:00,0.0007207207207207207,1.0
2022-08-23 10:59:00,0.0,0.5
2022-08-23 11:00:00,0.0,0.5
2022-08-23 11:01:00,0.00036010082823190496,1.0
2022-08-23 11:02:00,0.0010799136069114472,0.5
2022-08-23 11:03:00,-0.000719165767709457,0.5
2022-08-23 11:04:00,0.0,4.0
2022-08-23 11:05:00,0.0,0.3333333333333333
2022-08-23 11:06:00,0.0,0.5
2022-08-23 11:07:00,-0.0003598416696653472,inf
2022-08-23 11:08:00,0.0003599712023038157,inf
2022-08-23 11:09:00,0.0,0.0
2022-08-23 11:10:00,0.0003598416696653472,2.0
2022-08-23 11:11:00,0.0,2.0
2022-08-23 11:12:00,0.0007194244604316547,0.5
2022-08-23 11:13:00,-0.0003594536304816679,0.5
2022-08-23 11:14:00,0.0003595828838547285,2.0
2022-08-23 11:15:00,0.0,0.0
2022-08-23 11:16:00,0.0,0.5
2022-08-23 11:17:00,-0.0007189072609633358,1.0
2022-08-23 11:18:00,0.0,inf
2022-08-23 11:19:00,0.00035971223021582735,inf
2022-08-23 11:20:00,-0.0003595828838547285,1.0
2022-08-23 11:21:00,-0.00035971223021582735,0.5
2022-08-23 11:22:00,0.0,1.0
2022-08-23 11:23:00,-0.0003598416696653472,1.0
2022-08-23 11:24:00,0.0003599712023038157,2.0
2022-08-23 11:25:00,-0.0003598416696653472,1.0
2022-08-23 11:26:00,0.0,inf
2022-08-23 11:27:00,0.0007199424046076314,inf
2022-08-23 11:28:00,0.0,0.5
2022-08-23 11:29:00,-0.001079136690647482,1.0
2022-08-23 11:30:00,0.0,inf
2022-08-23 13:31:00,0.0007215007215007215,1.0
2022-08-23 13:32:00,0.0003604902667627974,0.5
2022-08-23 13:33:00,0.00036036036036036037,0.0
2022-08-23 13:34:00,0.0,0.0
2022-08-23 13:35:00,0.001440922190201729,1.0
2022-08-23 13:36:00,0.00035971223021582735,0.2
2022-08-23 13:37:00,-0.0003595828838547285,0.5
2022-08-23 13:38:00,-0.001079136690647482,inf
2022-08-23 13:39:00,0.0007202016564638099,3.0
2022-08-23 13:40:00,-0.0003598416696653472,0.3333333333333333
2022-08-23 13:41:00,0.0007199424046076314,2.0
2022-08-23 13:42:00,-0.00035971223021582735,0.0
2022-08-23 13:43:00,0.0007196833393306944,1.0
2022-08-23 13:44:00,-0.0003595828838547285,0.0
2022-08-23 13:45:00,-0.0007194244604316547,2.0
2022-08-23 13:46:00,0.0003599712023038157,inf
2022-08-23 13:47:00,0.0003598416696653472,0.0
2022-08-23 13:48:00,0.0,0.0
2022-08-23 13:49:00,-0.00035971223021582735,2.0
2022-08-23 13:50:00,0.0003598416696653472,inf
2022-08-23 13:51:00,-0.0007194244604316547,0.0
2022-08-23 13:52:00,0.0003599712023038157,inf
2022-08-23 13:53:00,-0.0003598416696653472,1.0
2022-08-23 13:54:00,0.0014398848092152627,inf
2022-08-23 13:55:00,-0.0010783608914450035,0.0
2022-08-23 13:56:00,0.0,2.0
2022-08-23 13:57:00,0.0003598416696653472,inf
2022-08-23 13:58:00,-0.00035971223021582735,1.0
2022-08-23 13:59:00,-0.0003598416696653472,1.0
2022-08-23 14:00:00,0.0,3.0
2022-08-23 14:01:00,0.0,2.0
2022-08-23 14:02:00,0.0003599712023038157,inf
2022-08-23 14:03:00,0.0003598416696653472,1.0
2022-08-23 14:04:00,-0.00035971223021582735,0.5
2022-08-23 14:05:00,0.0010795250089960418,1.0
2022-08-23 14:06:00,0.002156721782890007,0.0
2022-08-23 14:07:00,0.0007173601147776184,0.16666666666666666
2022-08-23 14:08:00,-0.0017921146953405018,0.0
2022-08-23 14:09:00,-0.001436265709156194,5.0
2022-08-23 14:10:00,0.000719165767709457,5.0
2022-08-23 14:11:00,-0.0017966223499820337,0.0
2022-08-23 14:12:00,0.0010799136069114472,5.0
2022-08-23 14:13:00,0.0003595828838547285,0.3333333333333333
2022-08-23 14:14:00,-0.0003594536304816679,1.0
2022-08-23 14:15:00,-0.0003595828838547285,1.0
2022-08-23 14:16:00,0.001079136690647482,inf
2022-08-23 14:17:00,0.00035932446999640676,0.3333333333333333
2022-08-23 14:18:00,-0.0007183908045977011,0.5
2022-08-23 14:19:00,0.0,2.0
2022-08-23 14:20:00,-0.0007189072609633358,0.5
2022-08-23 14:21:00,-0.00035971223021582735,3.0
2022-08-23 14:22:00,0.0003598416696653472,inf
2022-08-23 14:23:00,0.0,1.0
2022-08-23 14:24:00,0.0,1.0
2022-08-23 14:25:00,0.0007194244604316547,0.0
2022-08-23 14:26:00,0.0003594536304816679,0.0
2022-08-23 14:27:00,-0.00035932446999640676,0.5
2022-08-23 14:28:00,-0.0007189072609633358,1.0
2022-08-23 14:29:00,0.00035971223021582735,3.0
2022-08-23 14:30:00,0.0,0.0
2022-08-23 14:31:00,-0.000719165767709457,0.5
2022-08-23 14:32:00,0.0003598416696653472,3.0
2022-08-23 14:33:00,0.0,0.5
2022-08-23 14:34:00,-0.00035971223021582735,0.5
2022-08-23 14:35:00,0.0003598416696653472,2.0
2022-08-23 14:36:00,0.0007194244604316547,0.0
2022-08-23 14:37:00,0.0,0.0
2022-08-23 14:38:00,-0.0007189072609633358,0.5
2022-08-23 14:39:00,0.00035971223021582735,2.0
2022-08-23 14:40:00,0.0010787486515641855,0.0
2022-08-23 14:41:00,-0.0007183908045977011,0.0
2022-08-23 14:42:00,0.0003594536304816679,inf
2022-08-23 14:43:00,0.001437297879985627,0.5
2022-08-23 14:44:00,0.0,0.0
2022-08-23 14:45:00,0.0014352350197344816,1.0
2022-08-23 14:46:00,0.00035829451809387314,0.5
2022-08-23 14:47:00,-0.0010744985673352436,0.0
2022-08-23 14:48:00,-0.00035855145213338117,inf
2022-08-23 14:49:00,0.0003586800573888092,2.0
2022-08-23 14:50:00,0.0,1.0
2022-08-23 14:51:00,0.0,0.5
2022-08-23 14:52:00,-0.00035855145213338117,0.5
2022-08-23 14:53:00,0.0,inf
2022-08-23 14:54:00,0.0,1.0
2022-08-23 14:55:00,0.0014347202295552368,1.0
2022-08-23 14:56:00,-0.00035816618911174784,0.0
2022-08-23 14:57:00,0.00035829451809387314,0.5
2022-08-23 14:58:00,0.0017908309455587394,1.0
2022-08-23 14:59:00,-0.0010725777618877368,0.0
2022-08-23 15:00:00,0.0,3.0
2022-08-24 09:01:00,-0.001412928293889085,0.7142857142857143
2022-08-24 09:02:00,0.0,5.0
2022-08-24 09:03:00,-0.0017686593562079944,0.6666666666666666
2022-08-24 09:04:00,0.002126151665485471,inf
2022-08-24 09:05:00,-0.0007072135785007072,0.3333333333333333
2022-08-24 09:06:00,-0.0007077140835102619,2.0
2022-08-24 09:07:00,0.0010623229461756375,0.6666666666666666
2022-08-24 09:08:00,-0.002476123098691192,0.3333333333333333
2022-08-24 09:09:00,0.0003546099290780142,7.0
2022-08-24 09:10:00,-0.0003544842254519674,0.25
2022-08-24 09:11:00,0.0007092198581560284,1.0
2022-08-24 09:12:00,-0.00035435861091424523,0.6666666666666666
2022-08-24 09:13:00,0.0,inf
2022-08-24 09:14:00,-0.0007089684509039348,2.0
2022-08-24 09:15:00,0.0017736786094359701,3.0
2022-08-24 09:16:00,0.000708215297450425,0.0
2022-08-24 09:17:00,0.00035385704175513094,0.0
2022-08-24 09:18:00,-0.0007074637424831977,1.5
2022-08-24 09:19:00,0.0010619469026548673,2.0
2022-08-24 09:20:00,-0.0007072135785007072,0.6666666666666666
2022-08-24 09:21:00,0.0007077140835102619,inf
2022-08-24 09:22:00,-0.0010608203677510608,0.5
2022-08-24 09:23:00,0.0,3.0
2022-08-24 09:24:00,0.00035398230088495576,2.0
2022-08-24 09:25:00,0.0007077140835102619,0.0
2022-08-24 09:26:00,-0.0010608203677510608,0.0
2022-08-24 09:27:00,0.0,3.0
2022-08-24 09:28:00,0.0,2.0
2022-08-24 09:29:00,0.00035398230088495576,1.0
2022-08-24 09:30:00,0.0010615711252653928,2.0
2022-08-24 09:31:00,-0.0007069635913750442,0.25
2022-08-24 09:32:00,0.00035373187124159886,inf
2022-08-24 09:33:00,0.0,0.0
2022-08-24 09:34:00,0.0007072135785007072,2.0
2022-08-24 09:35:00,-0.0007067137809187279,0.0
2022-08-24 09:36:00,-0.0007072135785007072,inf
2022-08-24 09:37:00,0.0,4.0
2022-08-24 09:38:00,0.00035385704175513094,1.0
2022-08-24 09:39:00,0.0007074637424831977,1.0
2022-08-24 09:40:00,-0.0010604453870625664,0.0
2022-08-24 09:41:00,-0.0007077140835102619,inf
2022-08-24 09:42:00,0.000708215297450425,1.5
2022-08-24 09:43:00,-0.0007077140835102619,0.0
2022-08-24 09:44:00,0.000708215297450425,4.0
2022-08-24 09:45:00,-0.0010615711252653928,0.5
2022-08-24 09:46:00,0.0010626992561105207,inf
2022-08-24 09:47:00,0.0,0.0
2022-08-24 09:48:00,-0.00035385704175513094,0.5
2022-08-24 09:49:00,-0.00035398230088495576,1.0
2022-08-24 09:50:00,0.0003541076487252125,1.0
2022-08-24 09:51:00,0.0,0.5
2022-08-24 09:52:00,-0.0007079646017699115,0.5
2022-08-24 09:53:00,0.0007084661707403471,inf
2022-08-24 09:54:00,-0.0007079646017699115,0.25
2022-08-24 09:55:00,0.0,2.0
2022-08-24 09:56:00,0.0010626992561105207,1.0
2022-08-24 09:57:00,0.0,0.0
2022-08-24 09:58:00,-0.00035385704175513094,2.0
2022-08-24 09:59:00,-0.001415929203539823,2.0
2022-08-24 10:00:00,0.0007089684509039348,inf
2022-08-24 10:01:00,0.0021253985122210413,1.0
2022-08-24 10:02:00,0.0007069635913750442,0.0
2022-08-24 10:03:00,0.0010596962204168139,0.6666666666666666
2022-08-24 10:04:00,0.0,0.75
2022-08-24 10:05:00,0.00035285815102328866,0.5
2022-08-24 10:06:00,-0.001763668430335097,0.0
2022-08-24 10:07:00,-0.0010600706713780918,5.0
2022-08-24 10:08:00,0.0,5.0
2022-08-24 10:09:00,0.0,2.0
2022-08-24 10:10:00,0.0010611956137247967,inf
2022-08-24 10:11:00,-0.0007067137809187279,0.0
2022-08-24 10:12:00,0.0003536067892503536,inf
2022-08-24 10:13:00,-0.0003534817956875221,0.5
2022-08-24 10:14:00,0.0,inf
2022-08-24 10:15:00,0.0,inf
2022-08-24 10:31:00,0.0,inf
2022-08-24 10:32:00,-0.0010611956137247967,2.0
2022-08-24 10:33:00,0.000708215297450425,3.0
2022-08-24 10:34:00,-0.00035385704175513094,0.5
2022-08-24 10:35:00,0.00035398230088495576,inf
2022-08-24 10:36:00,-0.0010615711252653928,0.5
2022-08-24 10:37:00,0.0007084661707403471,3.0
2022-08-24 10:38:00,-0.00035398230088495576,0.5
2022-08-24 10:39:00,0.0,0.5
2022-08-24 10:40:00,0.0010623229461756375,1.0
2022-08-24 10:41:00,-0.0007074637424831977,0.3333333333333333
2022-08-24 10:42:00,-0.00035398230088495576,1.0
2022-08-24 10:43:00,0.0003541076487252125,inf
2022-08-24 10:44:00,0.0,0.0
2022-08-24 10:45:00,0.0010619469026548673,1.0
2022-08-24 10:46:00,-0.0007072135785007072,0.3333333333333333
2022-08-24 10:47:00,0.0010615711252653928,2.0
2022-08-24 10:48:00,-0.0003534817956875221,0.25
2022-08-24 10:49:00,-0.0003536067892503536,3.0
2022-08-24 10:50:00,0.00035373187124159886,inf
2022-08-24 10:51:00,0.0,1.0
2022-08-24 10:52:00,0.0007072135785007072,2.0
2022-08-24 10:53:00,0.00035335689045936394,0.0
2022-08-24 10:54:00,-0.00035323207347227127,0.5
2022-08-24 10:55:00,0.0007067137809187279,1.5
2022-08-24 10:56:00,0.0007062146892655367,0.6666666666666666
2022-08-24 10:57:00,0.0,0.0
2022-08-24 10:58:00,-0.00035285815102328866,1.0
2022-08-24 10:59:00,0.00035298270384751147,1.0
2022-08-24 11:00:00,-0.00035285815102328866,0.5
2022-08-24 11:01:00,0.0007059654076950229,inf
2022-08-24 11:02:00,0.0014109347442680777,0.5
2022-08-24 11:03:00,-0.0014089468122578373,0.4
2022-08-24 11:04:00,0.0,5.0
2022-08-24 11:05:00,0.0010582010582010583,1.0
2022-08-24 11:06:00,0.0007047216349541931,0.25
2022-08-24 11:07:00,-0.0007042253521126761,0.0
2022-08-24 11:08:00,-0.0007047216349541931,2.0
2022-08-24 11:09:00,0.0003526093088857546,3.0
2022-08-24 11:10:00,-0.0010574550581600281,0.5
2022-08-24 11:11:00,0.0007057163020465773,inf
2022-08-24 11:12:00,0.0,0.25
2022-08-24 11:13:00,0.0,2.0
2022-08-24 11:14:00,-0.0007052186177715092,1.0
2022-08-24 11:15:00,0.0007057163020465773,inf
2022-08-24 11:16:00,-0.0007052186177715092,0.5
2022-08-24 11:17:00,0.00035285815102328866,inf
2022-08-24 11:18:00,0.0,1.0
2022-08-24 11:19:00,-0.0007054673721340388,2.0
2022-08-24 11:20:00,0.00035298270384751147,2.0
2022-08-24 11:21:00,0.0,0.5
2022-08-24 11:22:00,0.0,0.5
2022-08-24 11:23:00,0.0,0.5
2022-08-24 11:24:00,-0.00035285815102328866,2.0
2022-08-24 11:25:00,-0.00035298270384751147,1.0
2022-08-24 11:26:00,0.00035310734463276836,inf
2022-08-24 11:27:00,-0.0010589481115425344,1.0
2022-08-24 11:28:00,-0.00035335689045936394,inf
2022-08-24 11:29:00,-0.0007069635913750442,1.0
2022-08-24 11:30:00,0.00035373187124159886,1.5
2022-08-24 13:31:00,-0.001768033946251768,3.0
2022-08-24 13:32:00,0.0010626992561105207,inf
2022-08-24 13:33:00,0.0,0.2
2022-08-24 13:34:00,0.0,1.0
2022-08-24 13:35:00,-0.00035385704175513094,1.0
2022-08-24 13:36:00,0.00035398230088495576,0.6666666666666666
2022-08-24 13:37:00,-0.0007077140835102619,0.0
2022-08-24 13:38:00,0.0003541076487252125,inf
2022-08-24 13:39:00,0.00035398230088495576,2.0
2022-08-24 13:40:00,0.0,0.5
2022-08-24 13:41:00,0.0007077140835102619,2.0
2022-08-24 13:42:00,0.0003536067892503536,0.0
2022-08-24 13:43:00,0.0,0.3333333333333333
2022-08-24 13:44:00,0.0,1.0
2022-08-24 13:45:00,0.0003534817956875221,2.0
2022-08-24 13:46:00,0.0010600706713780918,1.0
2022-08-24 13:47:00,0.0007059654076950229,0.3333333333333333
2022-08-24 13:48:00,-0.0007054673721340388,0.3333333333333333
2022-08-24 13:49:00,0.0,2.0
2022-08-24 13:50:00,0.00035298270384751147,1.0
2022-08-24 13:51:00,0.0,0.0
2022-08-24 13:52:00,-0.0007057163020465773,0.5
2022-08-24 13:53:00,0.00035310734463276836,inf
2022-08-24 13:54:00,-0.00035298270384751147,2.0
2022-08-24 13:55:00,0.00035310734463276836,inf
2022-08-24 13:56:00,0.00035298270384751147,2.0
2022-08-24 13:57:00,-0.00035285815102328866,1.0
2022-08-24 13:58:00,0.00035298270384751147,2.0
2022-08-24 13:59:00,0.00035285815102328866,1.0
2022-08-24 14:00:00,-0.0003527336860670194,0.0
2022-08-24 14:01:00,0.0,2.0
2022-08-24 14:02:00,-0.0007057163020465773,0.0
2022-08-24 14:03:00,0.00035310734463276836,inf
2022-08-24 14:04:00,0.0,0.5
2022-08-24 14:05:00,0.00035298270384751147,1.0
2022-08-24 14:06:00,-0.00035285815102328866,1.0
2022-08-24 14:07:00,0.00035298270384751147,1.0
2022-08-24 14:08:00,0.001058574453069866,1.0
2022-08-24 14:09:00,0.0,0.6666666666666666
2022-08-24 14:10:00,-0.0007049700387733521,0.5
2022-08-24 14:11:00,0.0003527336860670194,inf
2022-08-24 14:12:00,0.0,0.5
2022-08-24 14:13:00,0.0,1.0
2022-08-24 14:14:00,0.0,1.0
2022-08-24 14:15:00,-0.0003526093088857546,1.0
2022-08-24 14:16:00,0.0,2.0
2022-08-24 14:17:00,0.0003527336860670194,2.0
2022-08-24 14:18:00,0.0,0.0
2022-08-24 14:19:00,-0.0003526093088857546,0.5
2022-08-24 14:20:00,0.0007054673721340388,inf
2022-08-24 14:21:00,0.0,0.3333333333333333
2022-08-24 14:22:00,-0.00035248501938667606,1.0
2022-08-24 14:23:00,0.0,3.0
2022-08-24 14:24:00,-0.0003526093088857546,1.0
2022-08-24 14:25:00,0.0003527336860670194,2.0
2022-08-24 14:26:00,0.0,0.0
2022-08-24 14:27:00,0.0,0.3333333333333333
2022-08-24 14:28:00,0.0,0.5
2022-08-24 14:29:00,-0.0010578279266572638,0.0
2022-08-24 14:30:00,0.0007059654076950229,4.0
2022-08-24 14:31:00,0.0,0.5
2022-08-24 14:32:00,-0.0003527336860670194,0.5
2022-08-24 14:33:00,0.00035285815102328866,1.0
2022-08-24 14:34:00,0.0003527336860670194,0.5
2022-08-24 14:35:00,0.0,0.0
2022-08-24 14:36:00,-0.0007052186177715092,1.0
2022-08-24 14:37:00,0.0,1.0
2022-08-24 14:38:00,-0.0007057163020465773,0.5
2022-08-24 14:39:00,-0.00035310734463276836,inf
2022-08-24 14:40:00,0.00035323207347227127,2.0
2022-08-24 14:41:00,-0.00035310734463276836,0.5
2022-08-24 14:42:00,0.0007064641469445425,2.0
2022-08-24 14:43:00,-0.0014119308153900459,0.0
2022-08-24 14:44:00,0.0007069635913750442,inf
2022-08-24 14:45:00,-0.00035323207347227127,0.0
2022-08-24 14:46:00,0.00035335689045936394,2.0
2022-08-24 14:47:00,-0.00035323207347227127,0.5
2022-08-24 14:48:00,0.00035335689045936394,2.0
2022-08-24 14:49:00,-0.0007064641469445425,0.0
2022-08-24 14:50:00,0.0007069635913750442,inf
2022-08-24 14:51:00,0.0,0.3333333333333333
2022-08-24 14:52:00,-0.00035323207347227127,1.0
2022-08-24 14:53:00,0.0007067137809187279,inf
2022-08-24 14:54:00,0.0007062146892655367,0.5
2022-08-24 14:55:00,0.0,1.0
2022-08-24 14:56:00,0.00035285815102328866,2.0
2022-08-24 14:57:00,0.0007054673721340388,1.0
2022-08-24 14:58:00,-0.0007049700387733521,0.0
2022-08-24 14:59:00,0.0007054673721340388,inf
2022-08-24 15:00:00,0.0,0.5
2022-08-25 09:01:00,-0.0017624250969333803,0.1111111111111111
2022-08-25 09:02:00,-0.0017655367231638418,5.0
2022-08-25 09:03:00,-0.00035373187124159886,5.0
2022-08-25 09:04:00,-0.0014154281670205238,1.0
2022-08-25 09:05:00,0.001417434443656981,4.0
2022-08-25 09:06:00,0.0007077140835102619,0.25
2022-08-25 09:07:00,-0.0010608203677510608,0.6666666666666666
2022-08-25 09:08:00,0.00035398230088495576,3.0
2022-08-25 09:09:00,0.0,0.3333333333333333
2022-08-25 09:10:00,-0.00035385704175513094,0.5
2022-08-25 09:11:00,0.00035398230088495576,2.0
2022-08-25 09:12:00,0.0014154281670205238,0.6666666666666666
2022-08-25 09:13:00,0.0017667844522968198,0.4
2022-08-25 09:14:00,-0.0010582010582010583,0.2
2022-08-25 09:15:00,0.0007062146892655367,1.5
2022-08-25 09:16:00,0.0,0.0
2022-08-25 09:17:00,0.0,3.0
2022-08-25 09:18:00,0.0,1.0
2022-08-25 09:19:00,0.00035285815102328866,1.0
2022-08-25 09:20:00,-0.0010582010582010583,1.0
2022-08-25 09:21:00,0.0007062146892655367,3.0
2022-08-25 09:22:00,-0.001058574453069866,1.0
2022-08-25 09:23:00,0.0,1.3333333333333333
2022-08-25 09:24:00,-0.00035323207347227127,0.0
2022-08-25 09:25:00,0.0,1.0
2022-08-25 09:26:00,0.0,1.0
2022-08-25 09:27:00,-0.0007067137809187279,0.0
2022-08-25 09:28:00,-0.0003536067892503536,0.6666666666666666
2022-08-25 09:29:00,-0.0007074637424831977,2.0
2022-08-25 09:30:00,-0.00035398230088495576,inf
2022-08-25 09:31:00,0.0003541076487252125,4.0
2022-08-25 09:32:00,-0.00035398230088495576,0.5
2022-08-25 09:33:00,0.0,0.5
2022-08-25 09:34:00,0.00141643059490085,1.0
2022-08-25 09:35:00,0.0010608203677510608,0.0
2022-08-25 09:36:00,-0.0007064641469445425,0.0
2022-08-25 09:37:00,0.0,inf
2022-08-25 09:38:00,0.0,1.0
2022-08-25 09:39:00,0.0,1.0
2022-08-25 09:40:00,-0.0007069635913750442,0.5
2022-08-25 09:41:00,0.00035373187124159886,inf
2022-08-25 09:42:00,0.0003536067892503536,1.0
2022-08-25 09:43:00,-0.0003534817956875221,0.0
2022-08-25 09:44:00,0.0007072135785007072,inf
2022-08-25 09:45:00,-0.00035335689045936394,0.0
2022-08-25 09:46:00,0.0,1.0
2022-08-25 09:47:00,0.0,0.0
2022-08-25 09:48:00,-0.0003534817956875221,1.0
2022-08-25 09:49:00,0.0003536067892503536,inf
2022-08-25 09:50:00,0.0,1.0
2022-08-25 09:51:00,0.0003534817956875221,1.0
2022-08-25 09:52:00,-0.00035335689045936394,0.0
2022-08-25 09:53:00,0.0003534817956875221,1.0
2022-08-25 09:54:00,-0.00035335689045936394,0.3333333333333333
2022-08-25 09:55:00,-0.0007069635913750442,2.0
2022-08-25 09:56:00,0.0007074637424831977,2.0
2022-08-25 09:57:00,0.0003534817956875221,0.5
2022-08-25 09:58:00,0.0014134275618374558,0.0
2022-08-25 09:59:00,0.0007057163020465773,0.2
2022-08-25 10:00:00,-0.0021156558533145277,3.5
2022-08-25 10:01:00,-0.0007067137809187279,3.0
2022-08-25 10:02:00,0.0003536067892503536,0.5
2022-08-25 10:03:00,-0.0007069635913750442,1.0
2022-08-25 10:04:00,0.0,3.0
2022-08-25 10:05:00,-0.0010611956137247967,1.0
2022-08-25 10:06:00,0.0010623229461756375,1.0
2022-08-25 10:07:00,-0.0007074637424831977,0.0
2022-08-25 10:08:00,0.0,4.0
2022-08-25 10:09:00,0.0,inf
2022-08-25 10:10:00,0.0007079646017699115,2.0
2022-08-25 10:11:00,0.0,0.5
2022-08-25 10:12:00,-0.0010611956137247967,2.0
2022-08-25 10:13:00,0.0003541076487252125,4.0
2022-08-25 10:14:00,0.00035398230088495576,1.0
2022-08-25 10:15:00,0.0,2.0
2022-08-25 10:31:00,0.0,0.5
2022-08-25 10:32:00,0.0003536067892503536,3.0
2022-08-25 10:33:00,0.0014139271827500884,0.0
2022-08-25 10:34:00,0.00035298270384751147,0.0
2022-08-25 10:35:00,-0.0007057163020465773,0.5
2022-08-25 10:36:00,-0.00035310734463276836,2.0
2022-08-25 10:37:00,0.0007064641469445425,inf
2022-08-25 10:38:00,0.00035298270384751147,0.5
2022-08-25 10:39:00,-0.0007057163020465773,0.5
2022-08-25 10:40:00,0.0007062146892655367,3.0
2022-08-25 10:41:00,-0.00035285815102328866,0.0
2022-08-25 10:42:00,-0.00035298270384751147,2.0
2022-08-25 10:43:00,-0.00035310734463276836,inf
2022-08-25 10:44:00,0.0007064641469445425,inf
2022-08-25 10:45:00,0.0,0.0
2022-08-25 10:46:00,0.00035298270384751147,2.0
2022-08-25 10:47:00,0.0,0.5
2022-08-25 10:48:00,0.0007057163020465773,0.0
2022-08-25 10:49:00,-0.0021156558533145277,0.0
2022-08-25 10:50:00,-0.00035335689045936394,inf
2022-08-25 10:51:00,0.0007069635913750442,2.0
2022-08-25 10:52:00,0.0,0.5
2022-08-25 10:53:00,0.0,1.0
2022-08-25 10:54:00,-0.00035323207347227127,inf
2022-08-25 10:55:00,0.0014134275618374558,inf
2022-08-25 10:56:00,0.002117148906139732,0.0
2022-08-25 10:57:00,-0.001056338028169014,0.0
2022-08-25 10:58:00,0.0,1.5
2022-08-25 10:59:00,0.0,1.0
2022-08-25 11:00:00,-0.00035248501938667606,2.0
2022-08-25 11:01:00,0.0010578279266572638,inf
2022-08-25 11:02:00,-0.0010567101091933778,0.0
2022-08-25 11:03:00,-0.0007052186177715092,3.0
2022-08-25 11:04:00,0.0,2.0
2022-08-25 11:05:00,-0.0007057163020465773,1.0
2022-08-25 11:06:00,0.0007062146892655367,inf
2022-08-25 11:07:00,-0.00035285815102328866,0.0
2022-08-25 11:08:00,0.0014119308153900459,inf
2022-08-25 11:09:00,0.0,0.0
2022-08-25 11:10:00,0.0010574550581600281,1.0
2022-08-25 11:11:00,0.0014084507042253522,0.0
2022-08-25 11:12:00,-0.0010548523206751054,0.0
2022-08-25 11:13:00,0.0,inf
2022-08-25 11:14:00,0.0,2.0
2022-08-25 11:15:00,-0.0007039774727208729,0.3333333333333333
2022-08-25 11:16:00,0.0003522367030644593,inf
2022-08-25 11:17:00,0.0,1.0
2022-08-25 11:18:00,-0.0014084507042253522,0.5
2022-08-25 11:19:00,0.0007052186177715092,6.0
2022-08-25 11:20:00,0.00035236081747709656,0.5
2022-08-25 11:21:00,0.0003522367030644593,0.5
2022-08-25 11:22:00,-0.0007042253521126761,0.0
2022-08-25 11:23:00,0.00035236081747709656,inf
2022-08-25 11:24:00,0.0003522367030644593,0.5
2022-08-25 11:25:00,-0.00035211267605633805,0.0
2022-08-25 11:26:00,0.0003522367030644593,inf
2022-08-25 11:27:00,-0.001056338028169014,1.0
2022-08-25 11:28:00,0.00035248501938667606,inf
2022-08-25 11:29:00,0.0007047216349541931,1.0
2022-08-25 11:30:00,-0.00035211267605633805,0.0
2022-08-25 13:31:00,0.0003527336860670194,4.0
2022-08-25 13:32:00,0.0014104372355430183,0.3333333333333333
2022-08-25 13:33:00,-0.001056338028169014,0.0
2022-08-25 13:34:00,0.0,3.0
2022-08-25 13:35:00,-0.00035248501938667606,2.0
2022-08-25 13:36:00,-0.0010578279266572638,0.5
2022-08-25 13:37:00,0.00035298270384751147,4.0
2022-08-25 13:38:00,0.0007057163020465773,1.0
2022-08-25 13:39:00,-0.0003526093088857546,0.5
2022-08-25 13:40:00,-0.0003527336860670194,1.0
2022-08-25 13:41:00,0.0,0.5
2022-08-25 13:42:00,0.0007057163020465773,1.0
2022-08-25 13:43:00,0.0,0.0
2022-08-25 13:44:00,0.0010578279266572638,0.5
2022-08-25 13:45:00,-0.0007044734061289186,0.0
2022-08-25 13:46:00,0.0010574550581600281,inf
2022-08-25 13:47:00,0.0035211267605633804,0.3333333333333333
2022-08-25 13:48:00,0.002807017543859649,0.1
2022-08-25 13:49:00,0.0010496850944716584,0.5
2022-08-25 13:50:00,-0.004194337644180357,2.0
2022-08-25 13:51:00,-0.001404001404001404,4.0
2022-08-25 13:52:00,-0.0017574692442882249,2.0
2022-08-25 13:53:00,0.00035211267605633805,2.5
2022-08-25 13:54:00,0.0,0.5
2022-08-25 13:55:00,0.00035198873636043646,2.0
2022-08-25 13:56:00,0.00211118930330753,0.0
2022-08-25 13:57:00,-0.0017556179775280898,0.0
2022-08-25 13:58:00,-0.00035174111853675694,5.0
2022-08-25 13:59:00,-0.0003518648838845883,inf
2022-08-25 14:00:00,0.0010559662090813093,1.0
2022-08-25 14:01:00,0.0007032348804500703,0.0
2022-08-25 14:02:00,0.0007027406886858749,0.3333333333333333
2022-08-25 14:03:00,-0.001053370786516854,0.3333333333333333
2022-08-25 14:04:00,0.00070298769771529,inf
2022-08-25 14:05:00,0.00035124692658939234,0.3333333333333333
2022-08-25 14:06:00,-0.001053370786516854,0.5
2022-08-25 14:07:00,0.00140597539543058,1.5
2022-08-25 14:08:00,-0.000702000702000702,0.6
2022-08-25 14:09:00,-0.001053740779768177,inf
2022-08-25 14:10:00,0.0007032348804500703,inf
2022-08-25 14:11:00,0.0007027406886858749,0.5
2022-08-25 14:12:00,-0.00035112359550561797,0.0
2022-08-25 14:13:00,-0.001053740779768177,0.3333333333333333
2022-08-25 14:14:00,0.0,3.0
2022-08-25 14:15:00,0.0007032348804500703,0.2
2022-08-25 14:16:00,0.0010541110330288123,1.0
2022-08-25 14:17:00,-0.001053001053001053,0.25
2022-08-25 14:18:00,-0.00035137034434293746,inf
2022-08-25 14:19:00,0.000351493848857645,inf
2022-08-25 14:20:00,-0.0007027406886858749,1.0
2022-08-25 14:21:00,-0.00035161744022503517,1.5
2022-08-25 14:22:00,0.0,inf
2022-08-25 14:23:00,0.00035174111853675694,inf
2022-08-25 14:24:00,0.00035161744022503517,1.0
2022-08-25 14:25:00,0.000351493848857645,0.0
2022-08-25 14:26:00,-0.00035137034434293746,0.5
2022-08-25 14:27:00,0.000351493848857645,0.5
2022-08-25 14:28:00,-0.00035137034434293746,0.0
2022-08-25 14:29:00,0.0,inf
2022-08-25 14:30:00,-0.000351493848857645,0.5
2022-08-25 14:31:00,-0.0024613220815752463,2.0
2022-08-25 14:32:00,0.0,2.3333333333333335
2022-08-25 14:33:00,0.0007049700387733521,0.0
2022-08-25 14:34:00,0.0003522367030644593,0.0
2022-08-25 14:35:00,-0.00035211267605633805,0.5
2022-08-25 14:36:00,0.0007044734061289186,2.0
2022-08-25 14:37:00,-0.0007039774727208729,1.0
2022-08-25 14:38:00,-0.0014089468122578373,2.0
2022-08-25 14:39:00,0.0007054673721340388,5.0
2022-08-25 14:40:00,-0.0010574550581600281,0.0
2022-08-25 14:41:00,-0.0007057163020465773,3.0
2022-08-25 14:42:00,0.0007062146892655367,inf
2022-08-25 14:43:00,0.0,1.0
2022-08-25 14:44:00,0.0,1.0
2022-08-25 14:45:00,-0.00035285815102328866,2.0
2022-08-25 14:46:00,0.00035298270384751147,inf
2022-08-25 14:47:00,-0.002117148906139732,2.0
2022-08-25 14:48:00,-0.0007072135785007072,7.0
2022-08-25 14:49:00,-0.0007077140835102619,3.0
2022-08-25 14:50:00,0.000708215297450425,1.5
2022-08-25 14:51:00,-0.00035385704175513094,0.3333333333333333
2022-08-25 14:52:00,0.00035398230088495576,inf
2022-08-25 14:53:00,0.00035385704175513094,1.0
2022-08-25 14:54:00,0.0007074637424831977,2.0
2022-08-25 14:55:00,0.0003534817956875221,0.3333333333333333
2022-08-25 14:56:00,0.0,0.5
2022-08-25 14:57:00,0.0,1.0
2022-08-25 14:58:00,-0.0007067137809187279,1.0
2022-08-25 14:59:00,0.0021216407355021216,2.0
2022-08-25 15:00:00,-0.00035285815102328866,0.0
2022-08-26 09:01:00,-0.0010768126346015793,4.0
2022-08-26 09:02:00,0.0,1.5
2022-08-26 09:03:00,0.00035932446999640676,1.0
2022-08-26 09:04:00,0.0,1.5
2022-08-26 09:05:00,-0.0010775862068965517,2.0
2022-08-26 09:06:00,-0.000719165767709457,inf
2022-08-26 09:07:00,0.0003598416696653472,1.0
2022-08-26 09:08:00,0.00035971223021582735,0.3333333333333333
2022-08-26 09:09:00,0.0010787486515641855,1.5
2022-08-26 09:10:00,0.0014367816091954023,0.0
2022-08-26 09:11:00,-0.0010760401721664275,0.2
2022-08-26 09:12:00,0.0,inf
2022-08-26 09:13:00,0.0,0.5
2022-08-26 09:14:00,-0.000718132854578097,0.0
2022-08-26 09:15:00,0.0,inf
2022-08-26 09:16:00,0.001437297879985627,inf
2022-08-26 09:17:00,-0.0003588087549336204,0.25
2022-08-26 09:18:00,0.0,1.0
2022-08-26 09:19:00,0.0003589375448671931,0.5
2022-08-26 09:20:00,0.0,0.5
2022-08-26 09:21:00,-0.0003588087549336204,1.0
2022-08-26 09:22:00,0.0007178750897343862,1.0
2022-08-26 09:23:00,0.0003586800573888092,0.0
2022-08-26 09:24:00,0.0010756543564001434,0.5
2022-08-26 09:25:00,0.0017908309455587394,0.0
2022-08-26 09:26:00,0.0021451555237754737,0.2
2022-08-26 09:27:00,-0.0017838030681412772,0.3333333333333333
2022-08-26 09:28:00,-0.00035739814152966406,inf
2022-08-26 09:29:00,-0.0014301036825169824,2.0
2022-08-26 09:30:00,0.0017901897601145722,2.5
2022-08-26 09:31:00,-0.0007147962830593281,0.0
2022-08-26 09:32:00,-0.001072961373390558,4.0
2022-08-26 09:33:00,-0.00035803795202291446,1.5
2022-08-26 09:34:00,0.0007163323782234957,2.0
2022-08-26 09:35:00,0.0007158196134574087,0.0
2022-08-26 09:36:00,0.000715307582260372,0.0
2022-08-26 09:37:00,0.0014295925661186562,0.0
2022-08-26 09:38:00,-0.0010706638115631692,0.4
2022-08-26 09:39:00,0.0,inf
2022-08-26 09:40:00,0.0003572704537334762,1.0
2022-08-26 09:41:00,0.0014285714285714286,1.0
2022-08-26 09:42:00,-0.0010699001426533524,0.16666666666666666
2022-08-26 09:43:00,0.0010710460549803642,inf
2022-08-26 09:44:00,-0.0007132667617689016,0.5
2022-08-26 09:45:00,0.0010706638115631692,inf
2022-08-26 09:46:00,0.0,0.0
2022-08-26 09:47:00,-0.00071301247771836,3.0
2022-08-26 09:48:00,-0.0007135212272565109,inf
2022-08-26 09:49:00,0.0003570153516601214,inf
2022-08-26 09:50:00,-0.0010706638115631692,3.0
2022-08-26 09:51:00,0.0003572704537334762,4.0
2022-08-26 09:52:00,0.00035714285714285714,0.0
2022-08-26 09:53:00,0.0003570153516601214,0.5
2022-08-26 09:54:00,0.0010706638115631692,1.0
2022-08-26 09:55:00,0.00142602495543672,0.0
2022-08-26 09:56:00,-0.000711997152011392,0.2
2022-08-26 09:57:00,-0.0003562522265764161,2.0
2022-08-26 09:58:00,0.0,0.5
2022-08-26 09:59:00,0.0010691375623663579,1.0
2022-08-26 10:00:00,-0.001067995728017088,0.0
2022-08-26 10:01:00,0.0,3.0
2022-08-26 10:02:00,-0.0010691375623663579,inf
2022-08-26 10:03:00,0.0007135212272565109,4.0
2022-08-26 10:04:00,0.00035650623885918,0.3333333333333333
2022-08-26 10:05:00,0.0,1.5
2022-08-26 10:06:00,-0.0007127583749109052,1.0
2022-08-26 10:07:00,0.0014265335235378032,inf
2022-08-26 10:08:00,-0.00035612535612535614,0.25
2022-08-26 10:09:00,0.0,2.0
2022-08-26 10:10:00,-0.0007125044531528322,1.0
2022-08-26 10:11:00,0.00071301247771836,inf
2022-08-26 10:12:00,0.0,0.6666666666666666
2022-08-26 10:13:00,0.0003562522265764161,2.0
2022-08-26 10:14:00,0.00035612535612535614,1.0
2022-08-26 10:15:00,-0.000355998576005696,1.0
2022-08-26 10:31:00,0.0014245014245014246,1.0
2022-08-26 10:32:00,-0.0017780938833570413,0.5
2022-08-26 10:33:00,0.0007125044531528322,inf
2022-08-26 10:34:00,0.000711997152011392,0.3333333333333333
2022-08-26 10:35:00,-0.000711490572749911,0.6666666666666666
2022-08-26 10:36:00,-0.000355998576005696,3.0
2022-08-26 10:37:00,0.00035612535612535614,inf
2022-08-26 10:38:00,0.0,1.0
2022-08-26 10:39:00,0.000355998576005696,0.5
2022-08-26 10:40:00,0.0010676156583629894,0.5
2022-08-26 10:41:00,-0.00035549235691432633,0.3333333333333333
2022-08-26 10:42:00,-0.00035561877667140827,0.5
2022-08-26 10:43:00,0.0,2.0
2022-08-26 10:44:00,-0.0003557452863749555,0.3333333333333333
2022-08-26 10:45:00,0.00035587188612099647,1.0
2022-08-26 10:46:00,0.0,1.0
2022-08-26 10:47:00,-0.0003557452863749555,1.0
2022-08-26 10:48:00,-0.0007117437722419929,inf
2022-08-26 10:49:00,0.0007122507122507123,inf
2022-08-26 10:50:00,-0.0007117437722419929,0.0
2022-08-26 10:51:00,0.0010683760683760685,inf
2022-08-26 10:52:00,-0.0003557452863749555,0.0
2022-08-26 10:53:00,-0.0007117437722419929,1.0
2022-08-26 10:54:00,0.00035612535612535614,2.0
2022-08-26 10:55:00,0.000355998576005696,2.0
2022-08-26 10:56:00,-0.00035587188612099647,0.0
2022-08-26 10:57:00,0.000355998576005696,inf
2022-08-26 10:58:00,0.00035587188612099647,0.0
2022-08-26 10:59:00,0.000711490572749911,0.5
2022-08-26 11:00:00,0.00035549235691432633,0.5
2022-08-26 11:01:00,-0.00035536602700781805,0.0
2022-08-26 11:02:00,0.0007109847138286527,3.0
2022-08-26 11:03:00,0.0,0.3333333333333333
2022-08-26 11:04:00,-0.00035523978685612787,1.0
2022-08-26 11:05:00,-0.0007107320540156361,0.5
2022-08-26 11:06:00,-0.0007112375533428165,inf
2022-08-26 11:07:00,0.00035587188612099647,3.0
2022-08-26 11:08:00,0.0,0.0
2022-08-26 11:09:00,-0.000711490572749911,inf
2022-08-26 11:10:00,0.0,2.0
2022-08-26 11:11:00,0.001067995728017088,0.5
2022-08-26 11:12:00,0.0,0.3333333333333333
2022-08-26 11:13:00,-0.0007112375533428165,1.0
2022-08-26 11:14:00,0.00035587188612099647,inf
2022-08-26 11:15:00,-0.000711490572749911,1.0
2022-08-26 11:16:00,0.000711997152011392,inf
2022-08-26 11:17:00,0.0003557452863749555,0.5
2022-08-26 11:18:00,-0.0010668563300142249,2.0
2022-08-26 11:19:00,0.000355998576005696,inf
2022-08-26 11:20:00,0.00035587188612099647,1.0
2022-08-26 11:21:00,0.0021344717182497333,0.0
2022-08-26 11:22:00,0.0010649627263045794,0.14285714285714285
2022-08-26 11:23:00,0.0014184397163120568,0.0
2022-08-26 11:24:00,0.0,0.4
2022-08-26 11:25:00,0.0010623229461756375,0.5
2022-08-26 11:26:00,0.0007074637424831977,0.25
2022-08-26 11:27:00,-0.0021208907741251328,0.0
2022-08-26 11:28:00,-0.00035423308537017357,inf
2022-08-26 11:29:00,0.0007087172218284905,inf
2022-08-26 11:30:00,-0.0003541076487252125,0.0
2022-08-26 13:31:00,0.0007102272727272727,9.0
2022-08-26 13:32:00,-0.0014194464158978,0.0
2022-08-26 13:33:00,0.0010660980810234541,inf
2022-08-26 13:34:00,0.0010649627263045794,0.0
2022-08-26 13:35:00,0.0003546099290780142,0.0
2022-08-26 13:36:00,-0.0010634526763559022,0.5
2022-08-26 13:37:00,0.0,inf
2022-08-26 13:38:00,-0.00035486160397445,inf
2022-08-26 13:39:00,0.0007099751508697196,2.0
2022-08-26 13:40:00,0.000354735721887194,0.5
2022-08-26 13:41:00,0.0,1.0
2022-08-26 13:42:00,0.0,1.0
2022-08-26 13:43:00,0.0007092198581560284,0.5
2022-08-26 13:44:00,-0.00035435861091424523,0.0
2022-08-26 13:45:00,-0.0003544842254519674,inf
2022-08-26 13:46:00,0.0,inf
2022-08-26 13:47:00,0.0017730496453900709,2.0
2022-08-26 13:48:00,-0.0010619469026548673,0.0
2022-08-26 13:49:00,0.0007087172218284905,inf
2022-08-26 13:50:00,0.0,0.0
2022-08-26 13:51:00,0.0010623229461756375,0.5
2022-08-26 13:52:00,0.00035373187124159886,0.0
2022-08-26 13:53:00,-0.0003536067892503536,0.0
2022-08-26 13:54:00,-0.00035373187124159886,1.0
2022-08-26 13:55:00,-0.00035385704175513094,inf
2022-08-26 13:56:00,0.00035398230088495576,inf
2022-08-26 13:57:00,-0.00035385704175513094,0.5
2022-08-26 13:58:00,-0.0007079646017699115,0.3333333333333333
2022-08-26 13:59:00,0.00035423308537017357,inf
2022-08-26 14:00:00,0.0,1.0
2022-08-26 14:01:00,-0.002124645892351275,inf
2022-08-26 14:02:00,0.0,3.5
2022-08-26 14:03:00,0.00035486160397445,3.0
2022-08-26 14:04:00,-0.000709471443774388,2.0
2022-08-26 14:05:00,0.0003549875754348598,1.0
2022-08-26 14:06:00,0.0,1.0
2022-08-26 14:07:00,-0.00035486160397445,0.5
2022-08-26 14:08:00,0.0,1.0
2022-08-26 14:09:00,0.0007099751508697196,4.0
2022-08-26 14:10:00,-0.001064207165661582,0.5
2022-08-26 14:11:00,0.0003551136363636364,inf
2022-08-26 14:12:00,0.0,0.0
2022-08-26 14:13:00,0.0003549875754348598,1.0
2022-08-26 14:14:00,-0.0014194464158978,0.0
2022-08-26 14:15:00,0.00035536602700781805,2.0
2022-08-26 14:16:00,-0.0010657193605683837,1.0
2022-08-26 14:17:00,0.001422475106685633,1.5
2022-08-26 14:18:00,-0.0003551136363636364,0.0
2022-08-26 14:19:00,0.0010657193605683837,1.0
2022-08-26 14:20:00,0.00035486160397445,0.5
2022-08-26 14:21:00,-0.000709471443774388,0.5
2022-08-26 14:22:00,0.0007099751508697196,1.0
2022-08-26 14:23:00,-0.000709471443774388,1.0
2022-08-26 14:24:00,0.0003549875754348598,inf
2022-08-26 14:25:00,0.0007097232079489,0.0
2022-08-26 14:26:00,-0.0010638297872340426,0.0
2022-08-26 14:27:00,0.0,inf
2022-08-26 14:28:00,-0.0007099751508697196,inf
2022-08-26 14:29:00,-0.00035523978685612787,3.0
2022-08-26 14:30:00,0.0,2.0
2022-08-26 14:31:00,-0.0007107320540156361,2.0
2022-08-26 14:32:00,-0.0007112375533428165,2.0
2022-08-26 14:33:00,-0.0007117437722419929,3.0
2022-08-26 14:34:00,0.0007122507122507123,3.0
2022-08-26 14:35:00,0.00035587188612099647,0.0
2022-08-26 14:36:00,-0.000711490572749911,0.5
2022-08-26 14:37:00,-0.000355998576005696,inf
2022-08-26 14:38:00,0.0,2.0
2022-08-26 14:39:00,0.0007122507122507123,2.0
2022-08-26 14:40:00,0.0,0.5
2022-08-26 14:41:00,-0.00035587188612099647,inf
2022-08-26 14:42:00,0.000355998576005696,1.0
2022-08-26 14:43:00,0.0007117437722419929,0.0
2022-08-26 14:44:00,-0.00035561877667140827,0.0
2022-08-26 14:45:00,-0.001422981145499822,1.0
2022-08-26 14:46:00,0.0007125044531528322,inf
2022-08-26 14:47:00,0.000355998576005696,0.5
2022-08-26 14:48:00,-0.0007117437722419929,0.0
2022-08-26 14:49:00,0.00035612535612535614,inf
2022-08-26 14:50:00,0.0,1.0
2022-08-26 14:51:00,0.000355998576005696,0.0
2022-08-26 14:52:00,0.00035587188612099647,0.5
2022-08-26 14:53:00,0.0003557452863749555,1.0
2022-08-26 14:54:00,0.0007112375533428165,0.0
2022-08-26 14:55:00,0.0007107320540156361,0.0
2022-08-26 14:56:00,-0.0007102272727272727,0.3333333333333333
2022-08-26 14:57:00,0.0007107320540156361,inf
2022-08-26 14:58:00,-0.0003551136363636364,0.0
2022-08-26 14:59:00,0.0010657193605683837,2.0
2022-08-26 15:00:00,-0.00035486160397445,0.0
2022-08-29 09:01:00,-0.0032085561497326204,inf
2022-08-29 09:02:00,-0.000357653791130186,2.0
2022-08-29 09:03:00,0.0007155635062611807,0.2
2022-08-29 09:04:00,0.0025026814444047193,0.0
2022-08-29 09:05:00,0.0,0.0
2022-08-29 09:06:00,0.0024964336661911554,1.25
2022-08-29 09:07:00,0.0003557452863749555,0.125
2022-08-29 09:08:00,-0.0007112375533428165,3.0
2022-08-29 09:09:00,-0.00035587188612099647,3.0
2022-08-29 09:10:00,0.000711997152011392,3.0
2022-08-29 09:11:00,0.0017787264318747777,2.0
2022-08-29 09:12:00,-0.0007102272727272727,0.4
2022-08-29 09:13:00,0.0014214641080312722,4.0
2022-08-29 09:14:00,-0.00035486160397445,0.0
2022-08-29 09:15:00,-0.0007099751508697196,inf
2022-08-29 09:16:00,0.00035523978685612787,4.0
2022-08-29 09:17:00,0.001065340909090909,1.0
2022-08-29 09:18:00,-0.000354735721887194,0.0
2022-08-29 09:19:00,-0.0010645848119233499,3.0
2022-08-29 09:20:00,0.0017761989342806395,2.0
2022-08-29 09:21:00,-0.0014184397163120568,0.0
2022-08-29 09:22:00,-0.0003551136363636364,inf
2022-08-29 09:23:00,-0.00035523978685612787,1.0
2022-08-29 09:24:00,0.00035536602700781805,inf
2022-08-29 09:25:00,-0.0010657193605683837,0.5
2022-08-29 09:26:00,0.00035561877667140827,3.0
2022-08-29 09:27:00,-0.0017774617845716318,1.0
2022-08-29 09:28:00,0.00035612535612535614,inf
2022-08-29 09:29:00,0.00177999288002848,2.0
2022-08-29 09:30:00,0.0014214641080312722,0.2
2022-08-29 09:31:00,0.0007097232079489,0.5
2022-08-29 09:32:00,0.0010638297872340426,0.5
2022-08-29 09:33:00,-0.0010626992561105207,0.25
2022-08-29 09:34:00,0.0003546099290780142,3.0
2022-08-29 09:35:00,-0.0010634526763559022,0.0
2022-08-29 09:36:00,0.0,1.5
2022-08-29 09:37:00,0.00035486160397445,2.0
2022-08-29 09:38:00,0.000709471443774388,1.0
2022-08-29 09:39:00,-0.0007089684509039348,1.0
2022-08-29 09:40:00,-0.001064207165661582,1.5
2022-08-29 09:41:00,0.0003551136363636364,inf
2022-08-29 09:42:00,0.0,0.5
2022-08-29 09:43:00,0.0007099751508697196,1.0
2022-08-29 09:44:00,-0.000709471443774388,0.5
2022-08-29 09:45:00,-0.0007099751508697196,2.0
2022-08-29 09:46:00,0.0,inf
2022-08-29 09:47:00,0.0,inf
2022-08-29 09:48:00,-0.00035523978685612787,1.0
2022-08-29 09:49:00,-0.00035536602700781805,inf
2022-08-29 09:50:00,0.00035549235691432633,3.0
2022-08-29 09:51:00,0.0007107320540156361,0.6666666666666666
2022-08-29 09:52:00,-0.0007102272727272727,0.0
2022-08-29 09:53:00,0.0010660980810234541,inf
2022-08-29 09:54:00,0.0003549875754348598,0.0
2022-08-29 09:55:00,-0.0014194464158978,0.0
2022-08-29 09:56:00,0.00035536602700781805,inf
2022-08-29 09:57:00,-0.00035523978685612787,0.0
2022-08-29 09:58:00,0.0,2.0
2022-08-29 09:59:00,0.00035536602700781805,1.0
2022-08-29 10:00:00,-0.0017761989342806395,0.5
2022-08-29 10:01:00,-0.00035587188612099647,inf
2022-08-29 10:02:00,-0.000355998576005696,0.6666666666666666
2022-08-29 10:03:00,0.0,1.0
2022-08-29 10:04:00,-0.00035612535612535614,1.0
2022-08-29 10:05:00,-0.0014250089063056644,0.16666666666666666
2022-08-29 10:06:00,0.0007135212272565109,5.0
2022-08-29 10:07:00,0.00071301247771836,0.5
2022-08-29 10:08:00,0.0,0.0
2022-08-29 10:09:00,-0.0007125044531528322,1.0
2022-08-29 10:10:00,0.0,3.0
2022-08-29 10:11:00,0.00035650623885918,0.5
2022-08-29 10:12:00,-0.0003563791874554526,2.0
2022-08-29 10:13:00,0.0,2.0
2022-08-29 10:14:00,0.00035650623885918,0.5
2022-08-29 10:15:00,0.0,0.5
2022-08-29 10:31:00,0.0,0.5
2022-08-29 10:32:00,-0.0010687566797292483,0.5
2022-08-29 10:33:00,0.0003566333808844508,inf
2022-08-29 10:34:00,-0.00035650623885918,0.5
2022-08-29 10:35:00,-0.0014265335235378032,3.0
2022-08-29 10:36:00,0.0007142857142857143,inf
2022-08-29 10:37:00,0.0007137758743754461,0.0
2022-08-29 10:38:00,0.0003566333808844508,0.25
2022-08-29 10:39:00,0.0,3.0
2022-08-29 10:40:00,0.0,0.3333333333333333
2022-08-29 10:41:00,-0.00035650623885918,0.0
2022-08-29 10:42:00,-0.0003566333808844508,1.0
2022-08-29 10:43:00,-0.00035676061362825543,1.0
2022-08-29 10:44:00,0.0010706638115631692,inf
2022-08-29 10:45:00,-0.00035650623885918,0.75
2022-08-29 10:46:00,0.0003566333808844508,inf
2022-08-29 10:47:00,-0.00035650623885918,0.0
2022-08-29 10:48:00,0.0,inf
2022-08-29 10:49:00,0.0,0.5
2022-08-29 10:50:00,0.001783166904422254,1.0
2022-08-29 10:51:00,-0.001423994304022784,0.0
2022-08-29 10:52:00,-0.00035650623885918,4.0
2022-08-29 10:53:00,-0.0003566333808844508,1.0
2022-08-29 10:54:00,0.00035676061362825543,inf
2022-08-29 10:55:00,0.0,1.0
2022-08-29 10:56:00,0.0003566333808844508,0.3333333333333333
2022-08-29 10:57:00,-0.00035650623885918,0.5
2022-08-29 10:58:00,0.0,inf
2022-08-29 10:59:00,0.0,inf
2022-08-29 11:00:00,0.0,1.0
2022-08-29 11:01:00,-0.0007132667617689016,0.3333333333333333
2022-08-29 11:02:00,0.0,inf
2022-08-29 11:03:00,0.00035688793718772306,2.0
2022-08-29 11:04:00,0.0,0.5
2022-08-29 11:05:00,-0.0010702818408847663,2.0
2022-08-29 11:06:00,0.0,inf
2022-08-29 11:07:00,0.00035714285714285714,2.0
2022-08-29 11:08:00,0.0003570153516601214,1.0
2022-08-29 11:09:00,-0.0007137758743754461,0.5
2022-08-29 11:10:00,0.0,inf
2022-08-29 11:11:00,0.0,1.0
2022-08-29 11:12:00,0.0007142857142857143,inf
2022-08-29 11:13:00,-0.00035688793718772306,0.0
2022-08-29 11:14:00,0.0,1.0
2022-08-29 11:15:00,-0.0007140307033202428,1.0
2022-08-29 11:16:00,0.0,inf
2022-08-29 11:17:00,0.0,1.0
2022-08-29 11:18:00,0.0,2.0
2022-08-29 11:19:00,0.0010718113612004287,2.0
2022-08-29 11:20:00,-0.00035688793718772306,0.0
2022-08-29 11:21:00,0.0,1.0
2022-08-29 11:22:00,0.0007140307033202428,1.0
2022-08-29 11:23:00,-0.0007135212272565109,0.3333333333333333
2022-08-29 11:24:00,0.0007140307033202428,inf
2022-08-29 11:25:00,0.0,0.0
2022-08-29 11:26:00,0.0,1.0
2022-08-29 11:27:00,-0.0007135212272565109,0.5
2022-08-29 11:28:00,0.0003570153516601214,inf
2022-08-29 11:29:00,-0.0007137758743754461,1.0
2022-08-29 11:30:00,0.0,inf
2022-08-29 13:31:00,0.0007135212272565109,0.25
2022-08-29 13:32:00,0.0,1.0
2022-08-29 13:33:00,-0.00071301247771836,2.0
2022-08-29 13:34:00,-0.0017838030681412772,1.0
2022-08-29 13:35:00,0.0,inf
2022-08-29 13:36:00,0.00035739814152966406,0.2
2022-08-29 13:37:00,0.0007145409074669524,0.5
2022-08-29 13:38:00,0.001785076758300607,0.3333333333333333
2022-08-29 13:39:00,-0.0007127583749109052,0.2
2022-08-29 13:40:00,-0.0007132667617689016,2.0
2022-08-29 13:41:00,0.00035688793718772306,inf
2022-08-29 13:42:00,0.0,0.0
2022-08-29 13:43:00,-0.0007135212272565109,1.0
2022-08-29 13:44:00,0.0014280614066404856,inf
2022-08-29 13:45:00,-0.0010695187165775401,0.0
2022-08-29 13:46:00,0.0,3.0
2022-08-29 13:47:00,0.00035688793718772306,inf
2022-08-29 13:48:00,0.00035676061362825543,2.0
2022-08-29 13:49:00,-0.0003566333808844508,0.5
2022-08-29 13:50:00,0.0007135212272565109,inf
2022-08-29 13:51:00,0.00035650623885918,0.5
2022-08-29 13:52:00,-0.0007127583749109052,0.0
2022-08-29 13:53:00,-0.0010699001426533524,inf
2022-08-29 13:54:00,0.0,inf
2022-08-29 13:55:00,0.0003570153516601214,1.0
2022-08-29 13:56:00,-0.0007137758743754461,0.3333333333333333
2022-08-29 13:57:00,0.0007142857142857143,2.0
2022-08-29 13:58:00,-0.00035688793718772306,0.0
2022-08-29 13:59:00,-0.0007140307033202428,1.0
2022-08-29 14:00:00,-0.0003572704537334762,2.0
2022-08-29 14:01:00,0.0,inf
2022-08-29 14:02:00,0.0,1.0
2022-08-29 14:03:00,0.00035739814152966406,1.0
2022-08-29 14:04:00,-0.0010718113612004287,0.0
2022-08-29 14:05:00,-0.00536480686695279,inf
2022-08-29 14:06:00,-0.004674577490111471,inf
2022-08-29 14:07:00,0.001445086705202312,4.666666666666667
2022-08-29 14:08:00,-0.0036075036075036075,0.6
2022-08-29 14:09:00,-0.0025343953656770456,5.0
2022-08-29 14:10:00,-0.002540834845735027,7.0
2022-08-29 14:11:00,0.000363901018922853,1.3333333333333333
2022-08-29 14:12:00,-0.0010913059294288831,0.5
2022-08-29 14:13:00,-0.0007283321194464676,1.0
2022-08-29 14:14:00,-0.002186588921282799,0.5
2022-08-29 14:15:00,0.0003652300949598247,inf
2022-08-29 14:16:00,0.0003650967506389193,0.6
2022-08-29 14:17:00,0.0,0.25
2022-08-29 14:18:00,-0.0010948905109489052,0.5
2022-08-29 14:19:00,0.00036536353671903543,inf
2022-08-29 14:20:00,0.0,0.5
2022-08-29 14:21:00,0.0,0.25
2022-08-29 14:22:00,-0.002191380569758948,1.5
2022-08-29 14:23:00,-0.0007320644216691069,inf
2022-08-29 14:24:00,0.0007326007326007326,0.2222222222222222
2022-08-29 14:25:00,-0.0014641288433382138,0.6666666666666666
2022-08-29 14:26:00,0.0,inf
2022-08-29 14:27:00,0.0007331378299120235,2.0
2022-08-29 14:28:00,-0.0007326007326007326,0.0
2022-08-29 14:29:00,0.0021994134897360706,1.0
2022-08-29 14:30:00,0.0021945866861741038,0.0
2022-08-29 14:31:00,-0.00145985401459854,0.25
2022-08-29 14:32:00,0.0029239766081871343,inf
2022-08-29 14:33:00,0.002186588921282799,0.0
2022-08-29 14:34:00,-0.0007272727272727272,0.14285714285714285
2022-08-29 14:35:00,0.000363901018922853,1.5
2022-08-29 14:36:00,-0.0010913059294288831,1.0
2022-08-29 14:37:00,0.0003641660597232338,2.0
2022-08-29 14:38:00,0.002184200946487077,0.3333333333333333
2022-08-29 14:39:00,0.002179440610243371,0.42857142857142855
2022-08-29 14:40:00,0.0003624501631025734,0.4
2022-08-29 14:41:00,0.0010869565217391304,1.0
2022-08-29 14:42:00,-0.0010857763300760044,0.0
2022-08-29 14:43:00,0.00036231884057971015,3.0
2022-08-29 14:44:00,-0.0010865628395508873,0.5
2022-08-29 14:45:00,0.0,1.5
2022-08-29 14:46:00,0.0014503263234227702,2.0
2022-08-29 14:47:00,-0.0010861694424330196,0.25
2022-08-29 14:48:00,0.0014498006524102935,inf
2022-08-29 14:49:00,0.0003619254433586681,0.0
2022-08-29 14:50:00,-0.001447178002894356,0.0
2022-08-29 14:51:00,0.0,4.0
2022-08-29 14:52:00,0.00036231884057971015,2.0
2022-08-29 14:53:00,0.0025353132922854038,1.0
2022-08-29 14:54:00,0.0,0.0
2022-08-29 14:55:00,0.0,0.5
2022-08-29 14:56:00,0.000361271676300578,inf
2022-08-29 14:57:00,0.0,0.0
2022-08-29 14:58:00,-0.0018057060310581437,3.0
2022-08-29 14:59:00,0.001085383502170767,2.5
2022-08-29 15:00:00,0.0,0.5
2022-08-30 09:01:00,0.000715307582260372,1.25
2022-08-30 09:02:00,-0.0014295925661186562,0.3333333333333333
2022-08-30 09:03:00,0.002863278453829635,5.0
2022-08-30 09:04:00,0.0010706638115631692,0.25
2022-08-30 09:05:00,-0.0017825311942959,0.0
2022-08-30 09:06:00,-0.00035714285714285714,5.0
2022-08-30 09:07:00,0.0,1.0
2022-08-30 09:08:00,0.0014290818149339049,0.5
2022-08-30 09:09:00,-0.00035676061362825543,0.0
2022-08-30 09:10:00,-0.0010706638115631692,inf
2022-08-30 09:11:00,0.0003572704537334762,inf
2022-08-30 09:12:00,-0.0007142857142857143,1.0
2022-08-30 09:13:00,0.002144388849177984,inf
2022-08-30 09:14:00,-0.0014265335235378032,0.0
2022-08-30 09:15:00,0.0010714285714285715,inf
2022-08-30 09:16:00,-0.0017838030681412772,0.3333333333333333
2022-08-30 09:17:00,0.0,inf
2022-08-30 09:18:00,-0.0014295925661186562,1.0
2022-08-30 09:19:00,0.00035790980672870435,inf
2022-08-30 09:20:00,0.0,1.0
2022-08-30 09:21:00,-0.00035778175313059033,1.0
2022-08-30 09:22:00,-0.0010737294201861132,inf
2022-08-30 09:23:00,0.002149767108563239,1.0
2022-08-30 09:24:00,0.0,0.14285714285714285
2022-08-30 09:25:00,0.0,2.0
2022-08-30 09:26:00,0.0,inf
2022-08-30 09:27:00,-0.0007150518412584912,inf
2022-08-30 09:28:00,0.0,3.0
2022-08-30 09:29:00,-0.00035778175313059033,0.0
2022-08-30 09:30:00,-0.00035790980672870435,1.0
2022-08-30 09:31:00,-0.00035803795202291446,inf
2022-08-30 09:32:00,0.0,inf
2022-08-30 09:33:00,-0.0014326647564469914,1.0
2022-08-30 09:34:00,0.0007173601147776184,2.0
2022-08-30 09:35:00,0.001075268817204301,0.5
2022-08-30 09:36:00,-0.0007160759040458289,0.0
2022-08-30 09:37:00,0.0007165890361877463,inf
2022-08-30 09:38:00,0.0,0.0
2022-08-30 09:39:00,-0.00035803795202291446,0.0
2022-08-30 09:40:00,-0.00035816618911174784,1.0
2022-08-30 09:41:00,-0.00035829451809387314,2.0
2022-08-30 09:42:00,0.0,1.0
2022-08-30 09:43:00,0.0,2.0
2022-08-30 09:44:00,0.00035842293906810036,inf
2022-08-30 09:45:00,0.0,1.0
2022-08-30 09:46:00,0.0007165890361877463,0.5
2022-08-30 09:47:00,0.00035803795202291446,0.5
2022-08-30 09:48:00,-0.0007158196134574087,1.0
2022-08-30 09:49:00,-0.00035816618911174784,2.0
2022-08-30 09:50:00,0.0,inf
2022-08-30 09:51:00,0.00035829451809387314,0.3333333333333333
2022-08-30 09:52:00,-0.0007163323782234957,2.0
2022-08-30 09:53:00,-0.0007168458781362007,1.0
2022-08-30 09:54:00,0.0007173601147776184,2.0
2022-08-30 09:55:00,-0.0007168458781362007,0.3333333333333333
2022-08-30 09:56:00,-0.0003586800573888092,inf
2022-08-30 09:57:00,-0.0007176175098672408,inf
2022-08-30 09:58:00,-0.0003590664272890485,3.0
2022-08-30 09:59:00,0.0007183908045977011,3.0
2022-08-30 10:00:00,0.0014357501794687725,0.0
2022-08-30 10:01:00,-0.002867383512544803,0.2
2022-08-30 10:02:00,0.0007189072609633358,inf
2022-08-30 10:03:00,-0.00035919540229885057,0.5
2022-08-30 10:04:00,-0.001437297879985627,2.0
2022-08-30 10:05:00,0.0003598416696653472,inf
2022-08-30 10:06:00,0.0007194244604316547,1.5
2022-08-30 10:07:00,0.0003594536304816679,0.3333333333333333
2022-08-30 10:08:00,0.0,3.0
2022-08-30 10:09:00,-0.0010779734099892202,0.3333333333333333
2022-08-30 10:10:00,0.0007194244604316547,inf
2022-08-30 10:11:00,-0.0003594536304816679,0.3333333333333333
2022-08-30 10:12:00,0.0003595828838547285,3.0
2022-08-30 10:13:00,0.0010783608914450035,0.0
2022-08-30 10:14:00,0.0,0.0
2022-08-30 10:15:00,0.0,0.0
2022-08-30 10:31:00,-0.0010771992818671453,0.5
2022-08-30 10:32:00,-0.0007189072609633358,inf
2022-08-30 10:33:00,-0.0028776978417266188,inf
2022-08-30 10:34:00,-0.0010822510822510823,inf
2022-08-30 10:35:00,0.0010834236186348862,6.0
2022-08-30 10:36:00,-0.00036075036075036075,0.6666666666666666
2022-08-30 10:37:00,0.0,inf
2022-08-30 10:38:00,0.0,2.0
2022-08-30 10:39:00,0.0,1.0
2022-08-30 10:40:00,0.001443522194153735,2.0
2022-08-30 10:41:00,0.0007207207207207207,0.0
2022-08-30 10:42:00,0.0,1.6666666666666667
2022-08-30 10:43:00,-0.00036010082823190496,inf
2022-08-30 10:44:00,-0.001440922190201729,1.0
2022-08-30 10:45:00,0.001443001443001443,2.0
2022-08-30 10:46:00,0.001080691642651297,0.0
2022-08-30 10:47:00,-0.0003598416696653472,0.5
2022-08-30 10:48:00,-0.0007199424046076314,1.0
2022-08-30 10:49:00,0.001080691642651297,inf
2022-08-30 10:50:00,-0.0010795250089960418,1.5
2022-08-30 10:51:00,0.001440922190201729,inf
2022-08-30 10:52:00,0.0,0.0
2022-08-30 10:53:00,-0.0007194244604316547,1.0
2022-08-30 10:54:00,0.0003599712023038157,3.0
2022-08-30 10:55:00,-0.0010795250089960418,0.5
2022-08-30 10:56:00,0.0,inf
2022-08-30 10:57:00,0.00036023054755043225,2.0
2022-08-30 10:58:00,0.0010803024846957148,0.5
2022-08-30 10:59:00,-0.001079136690647482,0.0
2022-08-30 11:00:00,-0.0007202016564638099,inf
2022-08-30 11:01:00,0.00036036036036036037,3.0
2022-08-30 11:02:00,-0.0007204610951008645,0.0
2022-08-30 11:03:00,-0.0007209805335255948,2.0
2022-08-30 11:04:00,-0.00036075036075036075,inf
2022-08-30 11:05:00,0.00036088054853843375,inf
2022-08-30 11:06:00,-0.0010822510822510823,1.0
2022-08-30 11:07:00,0.00036114120621162876,inf
2022-08-30 11:08:00,-0.0010830324909747292,2.0
2022-08-30 11:09:00,0.0010842067220816769,4.0
2022-08-30 11:10:00,0.0,0.3333333333333333
2022-08-30 11:11:00,0.0,0.5
2022-08-30 11:12:00,0.00036101083032490973,inf
2022-08-30 11:13:00,-0.00036088054853843375,3.0
2022-08-30 11:14:00,-0.00036101083032490973,0.5
2022-08-30 11:15:00,0.00036114120621162876,3.0
2022-08-30 11:16:00,0.00036101083032490973,0.0
2022-08-30 11:17:00,-0.0007217610970768675,0.0
2022-08-30 11:18:00,-0.0018057060310581437,inf
2022-08-30 11:19:00,0.000361794500723589,3.0
2022-08-30 11:20:00,0.0007233273056057866,0.5
2022-08-30 11:21:00,0.0007228044813877846,0.6666666666666666
2022-08-30 11:22:00,0.00036114120621162876,0.0
2022-08-30 11:23:00,0.00036101083032490973,0.5
2022-08-30 11:24:00,-0.0007217610970768675,1.0
2022-08-30 11:25:00,-0.00036114120621162876,inf
2022-08-30 11:26:00,0.000361271676300578,inf
2022-08-30 11:27:00,0.0007222824124232575,2.0
2022-08-30 11:28:00,-0.0010826416456153013,0.0
2022-08-30 11:29:00,0.001083815028901734,3.0
2022-08-30 11:30:00,-0.00036088054853843375,0.0
2022-08-30 13:31:00,0.0,0.1111111111111111
2022-08-30 13:32:00,-0.00035971223021582735,0.5
2022-08-30 13:33:00,0.0,0.3333333333333333
2022-08-30 13:34:00,0.0007196833393306944,2.0
2022-08-30 13:35:00,0.002157497303128371,0.0
2022-08-30 13:36:00,0.0003588087549336204,0.0
2022-08-30 13:37:00,0.0003586800573888092,1.0
2022-08-30 13:38:00,-0.0010756543564001434,0.3333333333333333
2022-08-30 13:39:00,0.0007178750897343862,3.0
2022-08-30 13:40:00,-0.0007173601147776184,0.3333333333333333
2022-08-30 13:41:00,-0.0007178750897343862,inf
2022-08-30 13:42:00,-0.0007183908045977011,inf
2022-08-30 13:43:00,-0.0007189072609633358,3.0
2022-08-30 13:44:00,0.0014388489208633094,1.0
2022-08-30 13:45:00,-0.0007183908045977011,0.0
2022-08-30 13:46:00,-0.0003594536304816679,3.0
2022-08-30 13:47:00,0.000719165767709457,inf
2022-08-30 13:48:00,0.0,0.0
2022-08-30 13:49:00,-0.0007186489399928135,0.5
2022-08-30 13:50:00,0.0003595828838547285,inf
2022-08-30 13:51:00,0.0010783608914450035,0.0
2022-08-30 13:52:00,-0.0003590664272890485,0.3333333333333333
2022-08-30 13:53:00,-0.0007183908045977011,inf
2022-08-30 13:54:00,0.0007189072609633358,inf
2022-08-30 13:55:00,-0.0010775862068965517,0.0
2022-08-30 13:56:00,0.000719165767709457,inf
2022-08-30 13:57:00,0.0,0.3333333333333333
2022-08-30 13:58:00,0.0007186489399928135,1.0
2022-08-30 13:59:00,0.0,0.5
2022-08-30 14:00:00,-0.0003590664272890485,2.0
2022-08-30 14:01:00,0.00035919540229885057,1.0
2022-08-30 14:02:00,0.0003590664272890485,1.0
2022-08-30 14:03:00,-0.0003589375448671931,0.0
2022-08-30 14:04:00,-0.0003590664272890485,2.0
2022-08-30 14:05:00,0.0,2.0
2022-08-30 14:06:00,-0.0007183908045977011,0.5
2022-08-30 14:07:00,0.0,2.0
2022-08-30 14:08:00,0.0,1.0
2022-08-30 14:09:00,0.0010783608914450035,inf
2022-08-30 14:10:00,-0.0003590664272890485,0.0
2022-08-30 14:11:00,-0.0010775862068965517,1.0
2022-08-30 14:12:00,0.000719165767709457,inf
2022-08-30 14:13:00,0.0,0.5
2022-08-30 14:14:00,-0.0007186489399928135,1.0
2022-08-30 14:15:00,0.000719165767709457,inf
2022-08-30 14:16:00,0.0,0.0
2022-08-30 14:17:00,-0.0010779734099892202,0.0
2022-08-30 14:18:00,-0.0014388489208633094,inf
2022-08-30 14:19:00,-0.0007204610951008645,inf
2022-08-30 14:20:00,-0.0003604902667627974,inf
2022-08-30 14:21:00,0.0,0.6666666666666666
2022-08-30 14:22:00,0.0003606202668589975,inf
2022-08-30 14:23:00,0.0010814708002883922,1.0
2022-08-30 14:24:00,-0.00036010082823190496,0.0
2022-08-30 14:25:00,-0.00036023054755043225,0.5
2022-08-30 14:26:00,-0.0007207207207207207,1.0
2022-08-30 14:27:00,0.0003606202668589975,2.0
2022-08-30 14:28:00,0.0,1.0
2022-08-30 14:29:00,0.0,0.5
2022-08-30 14:30:00,0.0014419610670511895,1.0
2022-08-30 14:31:00,-0.0014398848092152627,0.4
2022-08-30 14:32:00,0.0007209805335255948,inf
2022-08-30 14:33:00,-0.00036023054755043225,0.0
2022-08-30 14:34:00,-0.0007207207207207207,1.0
2022-08-30 14:35:00,0.0003606202668589975,3.0
2022-08-30 14:36:00,0.0003604902667627974,0.0
2022-08-30 14:37:00,-0.00036036036036036037,0.5
2022-08-30 14:38:00,-0.0007209805335255948,2.0
2022-08-30 14:39:00,-0.00036075036075036075,inf
2022-08-30 14:40:00,-0.00036088054853843375,inf
2022-08-30 14:41:00,0.0010830324909747292,1.0
2022-08-30 14:42:00,0.0003606202668589975,0.0
2022-08-30 14:43:00,0.0003604902667627974,0.5
2022-08-30 14:44:00,0.001081081081081081,0.3333333333333333
2022-08-30 14:45:00,-0.0003599712023038157,0.3333333333333333
2022-08-30 14:46:00,0.0007202016564638099,1.0
2022-08-30 14:47:00,0.0010795250089960418,0.6666666666666666
2022-08-30 14:48:00,0.0003594536304816679,0.0
2022-08-30 14:49:00,-0.00035932446999640676,0.0
2022-08-30 14:50:00,-0.0014378145219266715,1.0
2022-08-30 14:51:00,0.0003599712023038157,inf
2022-08-30 14:52:00,-0.0003598416696653472,0.5
2022-08-30 14:53:00,0.0,inf
2022-08-30 14:54:00,-0.0010799136069114472,inf
2022-08-30 14:55:00,0.0018018018018018018,inf
2022-08-30 14:56:00,-0.00035971223021582735,0.0
2022-08-30 14:57:00,-0.0003598416696653472,1.0
2022-08-30 14:58:00,-0.0010799136069114472,inf
2022-08-30 14:59:00,0.0,5.0
2022-08-31 09:01:00,-0.002909090909090909,0.42857142857142855
2022-08-31 09:02:00,0.002188183807439825,8.0
2022-08-31 09:03:00,-0.001455604075691412,0.0
2022-08-31 09:04:00,0.0014577259475218659,5.0
2022-08-31 09:05:00,-0.001091703056768559,0.2
2022-08-31 09:06:00,-0.0007285974499089253,3.0
2022-08-31 09:07:00,0.0007291286912139992,2.0
2022-08-31 09:08:00,-0.00036429872495446266,1.0
2022-08-31 09:09:00,0.00036443148688046647,2.0
2022-08-31 09:10:00,0.0007285974499089253,0.5
2022-08-31 09:11:00,-0.0007280669821623589,0.0
2022-08-31 09:12:00,0.00036429872495446266,1.0
2022-08-31 09:13:00,-0.0010924981791697013,0.5
2022-08-31 09:14:00,-0.001093693036820999,3.0
2022-08-31 09:15:00,0.0,3.0
2022-08-31 09:16:00,0.0,1.0
2022-08-31 09:17:00,-0.000364963503649635,2.0
2022-08-31 09:18:00,0.0003650967506389193,1.0
2022-08-31 09:19:00,0.00072992700729927,1.0
2022-08-31 09:20:00,-0.0032822757111597373,0.5
2022-08-31 09:21:00,0.0014635931211123307,10.0
2022-08-31 09:22:00,0.0,0.2
2022-08-31 09:23:00,-0.001826817683595177,1.5
2022-08-31 09:24:00,0.0014641288433382138,inf
2022-08-31 09:25:00,0.0,0.0
2022-08-31 09:26:00,-0.0007309941520467836,0.0
2022-08-31 09:27:00,-0.000365764447695684,inf
2022-08-31 09:28:00,0.00036589828027808267,2.0
2022-08-31 09:29:00,-0.0010972933430870519,0.0
2022-08-31 09:30:00,0.002563163676309044,inf
2022-08-31 09:31:00,0.001095690284879474,0.0
2022-08-31 09:32:00,0.001459321415541773,0.0
2022-08-31 09:33:00,0.0,0.0
2022-08-31 09:34:00,0.0029143897996357013,1.0
2022-08-31 09:35:00,-0.0010897203051216855,0.0
2022-08-31 09:36:00,0.0018181818181818182,1.5
2022-08-31 09:37:00,0.0,0.2
2022-08-31 09:38:00,0.0014519056261343012,1.0
2022-08-31 09:39:00,-0.0007249003262051468,0.4
2022-08-31 09:40:00,0.001088139281828074,3.0
2022-08-31 09:41:00,0.0007246376811594203,0.6666666666666666
2022-08-31 09:42:00,-0.0003620564808110065,0.0
2022-08-31 09:43:00,0.0003621876131836291,inf
2022-08-31 09:44:00,0.0,4.0
2022-08-31 09:45:00,-0.0010861694424330196,inf
2022-08-31 09:46:00,-0.0003624501631025734,inf
2022-08-31 09:47:00,0.00036258158085569254,inf
2022-08-31 09:48:00,0.0014498006524102935,0.25
2022-08-31 09:49:00,0.0025334781035106766,0.0
2022-08-31 09:50:00,0.0007220216606498195,0.125
2022-08-31 09:51:00,-0.001443001443001443,1.3333333333333333
2022-08-31 09:52:00,-0.001083815028901734,4.0
2022-08-31 09:53:00,0.0,4.0
2022-08-31 09:54:00,0.0007233273056057866,1.0
2022-08-31 09:55:00,0.0003614022406938923,0.0
2022-08-31 09:56:00,0.000722543352601156,1.3333333333333333
2022-08-31 09:57:00,-0.0007220216606498195,1.0
2022-08-31 09:58:00,0.0,3.0
2022-08-31 09:59:00,0.002167630057803468,1.0
2022-08-31 10:00:00,0.0,0.16666666666666666
2022-08-31 10:01:00,0.0007209805335255948,1.0
2022-08-31 10:02:00,-0.001080691642651297,0.6666666666666666
2022-08-31 10:03:00,-0.00144248106743599,4.0
2022-08-31 10:04:00,0.0007222824124232575,inf
2022-08-31 10:05:00,0.0,0.5
2022-08-31 10:06:00,0.0010826416456153013,0.3333333333333333
2022-08-31 10:07:00,-0.0010814708002883922,0.0
2022-08-31 10:08:00,0.001443522194153735,inf
2022-08-31 10:09:00,-0.001081081081081081,0.5
2022-08-31 10:10:00,0.0,inf
2022-08-31 10:11:00,0.00036075036075036075,inf
2022-08-31 10:12:00,-0.0003606202668589975,0.0
2022-08-31 10:13:00,-0.00036075036075036075,1.0
2022-08-31 10:14:00,0.0010826416456153013,inf
2022-08-31 10:15:00,0.0,0.0
2022-08-31 10:31:00,0.0,1.0
2022-08-31 10:32:00,0.0007207207207207207,1.5
2022-08-31 10:33:00,0.00036010082823190496,0.3333333333333333
2022-08-31 10:34:00,0.0,2.0
2022-08-31 10:35:00,0.0003599712023038157,1.0
2022-08-31 10:36:00,0.0007196833393306944,0.3333333333333333
2022-08-31 10:37:00,0.0010787486515641855,0.25
2022-08-31 10:38:00,0.0007183908045977011,1.0
2022-08-31 10:39:00,0.0003589375448671931,0.5
2022-08-31 10:40:00,0.0,0.0
2022-08-31 10:41:00,-0.001076426264800861,0.5
2022-08-31 10:42:00,0.0,inf
2022-08-31 10:43:00,0.0,0.5
2022-08-31 10:44:00,-0.0007183908045977011,1.0
2022-08-31 10:45:00,0.0007189072609633358,inf
2022-08-31 10:46:00,0.0,0.0
2022-08-31 10:47:00,0.0,0.0
2022-08-31 10:48:00,0.0007183908045977011,1.0
2022-08-31 10:49:00,-0.0007178750897343862,0.5
2022-08-31 10:50:00,0.0,inf
2022-08-31 10:51:00,0.00035919540229885057,inf
2022-08-31 10:52:00,0.0003590664272890485,0.0
2022-08-31 10:53:00,-0.0007178750897343862,0.5
2022-08-31 10:54:00,-0.0017959770114942528,inf
2022-08-31 10:55:00,0.0007196833393306944,6.0
2022-08-31 10:56:00,0.0003595828838547285,0.5
2022-08-31 10:57:00,-0.0014378145219266715,0.5
2022-08-31 10:58:00,0.0007199424046076314,4.0
2022-08-31 10:59:00,0.0007194244604316547,1.0
2022-08-31 11:00:00,-0.0007189072609633358,0.5
2022-08-31 11:01:00,0.0,inf
2022-08-31 11:02:00,-0.00035971223021582735,inf
2022-08-31 11:03:00,-0.0003598416696653472,inf
2022-08-31 11:04:00,0.0,2.0
2022-08-31 11:05:00,0.0003599712023038157,inf
2022-08-31 11:06:00,0.0010795250089960418,1.0
2022-08-31 11:07:00,0.0007189072609633358,0.0
2022-08-31 11:08:00,0.00035919540229885057,0.3333333333333333
2022-08-31 11:09:00,-0.0010771992818671453,0.0
2022-08-31 11:10:00,0.0010783608914450035,inf
2022-08-31 11:11:00,0.0,0.0
2022-08-31 11:12:00,-0.000718132854578097,0.0
2022-08-31 11:13:00,0.003952569169960474,inf
2022-08-31 11:14:00,-0.0017895490336435219,0.0
2022-08-31 11:15:00,0.002509860164933668,inf
2022-08-31 11:16:00,-0.000357653791130186,0.0
2022-08-31 11:17:00,-0.0007155635062611807,2.0
2022-08-31 11:18:00,-0.0007160759040458289,2.0
2022-08-31 11:19:00,-0.0014331780723754925,3.0
2022-08-31 11:20:00,-0.0003588087549336204,4.0
2022-08-31 11:21:00,-0.0007178750897343862,1.0
2022-08-31 11:22:00,-0.0007183908045977011,inf
2022-08-31 11:23:00,-0.0010783608914450035,4.0
2022-08-31 11:24:00,-0.0007196833393306944,4.0
2022-08-31 11:25:00,0.00036010082823190496,4.0
2022-08-31 11:26:00,0.0,0.0
2022-08-31 11:27:00,0.0010799136069114472,0.0
2022-08-31 11:28:00,0.0003595828838547285,0.0
2022-08-31 11:29:00,0.0,0.5
2022-08-31 11:30:00,0.0,2.0
2022-08-31 13:31:00,0.00035855145213338117,0.0
2022-08-31 13:32:00,0.0007168458781362007,0.5
2022-08-31 13:33:00,-0.00035816618911174784,0.5
2022-08-31 13:34:00,-0.0007165890361877463,2.0
2022-08-31 13:35:00,0.0,2.0
2022-08-31 13:36:00,-0.0007171029042667623,0.0
2022-08-31 13:37:00,-0.001076426264800861,2.0
2022-08-31 13:38:00,-0.00035919540229885057,inf
2022-08-31 13:39:00,-0.0007186489399928135,inf
2022-08-31 13:40:00,-0.000719165767709457,inf
2022-08-31 13:41:00,0.0,inf
2022-08-31 13:42:00,0.0014393666786613889,0.5
2022-08-31 13:43:00,-0.0007186489399928135,0.0
2022-08-31 13:44:00,0.0,2.0
2022-08-31 13:45:00,0.0,2.0
2022-08-31 13:46:00,-0.0003595828838547285,3.0
2022-08-31 13:47:00,-0.00035971223021582735,2.0
2022-08-31 13:48:00,-0.0007196833393306944,inf
2022-08-31 13:49:00,-0.00036010082823190496,inf
2022-08-31 13:50:00,0.0007204610951008645,1.5
2022-08-31 13:51:00,0.0007199424046076314,0.0
2022-08-31 13:52:00,0.0007194244604316547,0.75
2022-08-31 13:53:00,-0.0003594536304816679,0.0
2022-08-31 13:54:00,0.0003595828838547285,1.0
2022-08-31 13:55:00,0.0007189072609633358,0.5
2022-08-31 13:56:00,-0.0007183908045977011,0.0
2022-08-31 13:57:00,-0.0003594536304816679,inf
2022-08-31 13:58:00,-0.0003595828838547285,inf
2022-08-31 13:59:00,0.00035971223021582735,inf
2022-08-31 14:00:00,0.000719165767709457,2.0
2022-08-31 14:01:00,-0.0007186489399928135,0.0
2022-08-31 14:02:00,-0.001438331535418914,2.0
2022-08-31 14:03:00,0.0007202016564638099,inf
2022-08-31 14:04:00,-0.0003598416696653472,0.5
2022-08-31 14:05:00,0.0,inf
2022-08-31 14:06:00,0.0007199424046076314,1.0
2022-08-31 14:07:00,-0.0014388489208633094,0.0
2022-08-31 14:08:00,0.00036023054755043225,0.75
2022-08-31 14:09:00,0.0,0.5
2022-08-31 14:10:00,0.00036010082823190496,2.0
2022-08-31 14:11:00,0.0,2.0
2022-08-31 14:12:00,-0.0003599712023038157,0.5
2022-08-31 14:13:00,0.0010803024846957148,inf
2022-08-31 14:14:00,-0.00035971223021582735,0.0
2022-08-31 14:15:00,-0.0003598416696653472,inf
2022-08-31 14:16:00,-0.0003599712023038157,2.0
2022-08-31 14:17:00,0.0007202016564638099,inf
2022-08-31 14:18:00,0.0,0.0
2022-08-31 14:19:00,0.0,inf
2022-08-31 14:20:00,0.0010795250089960418,inf
2022-08-31 14:21:00,0.0003594536304816679,0.0
2022-08-31 14:22:00,-0.0010779734099892202,2.0
2022-08-31 14:23:00,-0.001079136690647482,inf
2022-08-31 14:24:00,0.0,inf
2022-08-31 14:25:00,-0.00036010082823190496,0.5
2022-08-31 14:26:00,0.0007204610951008645,1.0
2022-08-31 14:27:00,-0.0003599712023038157,0.5
2022-08-31 14:28:00,0.0,inf
2022-08-31 14:29:00,0.0007202016564638099,inf
2022-08-31 14:30:00,0.0007196833393306944,0.0
2022-08-31 14:31:00,0.0,0.3333333333333333
2022-08-31 14:32:00,0.0003595828838547285,1.0
2022-08-31 14:33:00,-0.0010783608914450035,0.0
2022-08-31 14:34:00,-0.0007196833393306944,inf
2022-08-31 14:35:00,0.0010803024846957148,1.5
2022-08-31 14:36:00,-0.00035971223021582735,0.0
2022-08-31 14:37:00,-0.0003598416696653472,1.0
2022-08-31 14:38:00,0.0010799136069114472,1.0
2022-08-31 14:39:00,-0.0003595828838547285,0.25
2022-08-31 14:40:00,-0.00035971223021582735,2.0
2022-08-31 14:41:00,-0.0003598416696653472,1.0
2022-08-31 14:42:00,-0.0017998560115190785,2.0
2022-08-31 14:43:00,0.0010818608005769925,inf
2022-08-31 14:44:00,-0.001080691642651297,0.3333333333333333
2022-08-31 14:45:00,0.0,inf
2022-08-31 14:46:00,0.0003606202668589975,2.0
2022-08-31 14:47:00,-0.0007209805335255948,1.0
2022-08-31 14:48:00,0.0007215007215007215,inf
2022-08-31 14:49:00,0.0,0.0
2022-08-31 14:50:00,-0.0003604902667627974,1.0
2022-08-31 14:51:00,-0.000721240533717995,3.0
2022-08-31 14:52:00,0.0007217610970768675,inf
2022-08-31 14:53:00,0.000721240533717995,0.0
2022-08-31 14:54:00,0.0,0.0
2022-08-31 14:55:00,0.00036036036036036037,0.0
2022-08-31 14:56:00,0.001080691642651297,0.0
2022-08-31 14:57:00,-0.0003598416696653472,0.3333333333333333
2022-08-31 14:58:00,0.0003599712023038157,1.0
2022-08-31 14:59:00,0.0007196833393306944,1.0
2022-08-31 15:00:00,0.0,0.3333333333333333
2022-09-01 09:01:00,0.00036153289949385393,2.3333333333333335
2022-09-01 09:02:00,-0.0007228044813877846,1.5
2022-09-01 09:03:00,0.00108499095840868,2.0
2022-09-01 09:04:00,0.000361271676300578,0.2
2022-09-01 09:05:00,-0.0007222824124232575,0.3333333333333333
2022-09-01 09:06:00,0.0003614022406938923,inf
2022-09-01 09:07:00,0.000722543352601156,2.0
2022-09-01 09:08:00,-0.0018050541516245488,0.6666666666666666
2022-09-01 09:09:00,-0.0007233273056057866,inf
2022-09-01 09:10:00,-0.0007238508867173362,1.5
2022-09-01 09:11:00,0.0003621876131836291,3.0
2022-09-01 09:12:00,0.001448225923244026,2.0
2022-09-01 09:13:00,-0.0010845986984815619,0.0
2022-09-01 09:14:00,0.0007238508867173362,inf
2022-09-01 09:15:00,-0.0003616636528028933,0.0
2022-09-01 09:16:00,0.0,0.5
2022-09-01 09:17:00,0.000361794500723589,0.0
2022-09-01 09:18:00,-0.00108499095840868,0.0
2022-09-01 09:19:00,0.000724112961622013,inf
2022-09-01 09:20:00,-0.001085383502170767,0.0
2022-09-01 09:21:00,0.0010865628395508873,inf
2022-09-01 09:22:00,0.000723589001447178,0.0
2022-09-01 09:23:00,0.0007230657989877079,0.0
2022-09-01 09:24:00,-0.000361271676300578,0.0
2022-09-01 09:25:00,-0.0014456089627755693,2.0
2022-09-01 09:26:00,-0.0007238508867173362,inf
2022-09-01 09:27:00,-0.0003621876131836291,inf
2022-09-01 09:28:00,0.00036231884057971015,2.0
2022-09-01 09:29:00,0.0003621876131836291,0.5
2022-09-01 09:30:00,0.0,1.0
2022-09-01 09:31:00,0.0003620564808110065,0.5
2022-09-01 09:32:00,-0.0003619254433586681,0.0
2022-09-01 09:33:00,-0.0003620564808110065,1.0
2022-09-01 09:34:00,0.0018109380659181455,1.0
2022-09-01 09:35:00,-0.00036153289949385393,0.0
2022-09-01 09:36:00,0.0003616636528028933,1.0
2022-09-01 09:37:00,0.0,0.0
2022-09-01 09:38:00,-0.0014461315979754157,1.0
2022-09-01 09:39:00,0.0003620564808110065,inf
2022-09-01 09:40:00,0.0,1.0
2022-09-01 09:41:00,0.0007238508867173362,1.0
2022-09-01 09:42:00,-0.0003616636528028933,0.0
2022-09-01 09:43:00,-0.000361794500723589,1.0
2022-09-01 09:44:00,-0.0007238508867173362,1.0
2022-09-01 09:45:00,-0.0007243752263672582,inf
2022-09-01 09:46:00,0.0,inf
2022-09-01 09:47:00,0.0003624501631025734,1.0
2022-09-01 09:48:00,-0.00036231884057971015,1.0
2022-09-01 09:49:00,-0.0007249003262051468,1.0
2022-09-01 09:50:00,-0.0003627130939426913,3.0
2022-09-01 09:51:00,0.000725689404934688,2.0
2022-09-01 09:52:00,0.0,0.0
2022-09-01 09:53:00,0.0,0.0
2022-09-01 09:54:00,-0.00036258158085569254,1.0
2022-09-01 09:55:00,0.0003627130939426913,2.0
2022-09-01 09:56:00,0.0014503263234227702,0.0
2022-09-01 09:57:00,-0.000724112961622013,0.0
2022-09-01 09:58:00,0.0,inf
2022-09-01 09:59:00,0.0,1.0
2022-09-01 10:00:00,0.0,inf
2022-09-01 10:01:00,0.0,1.0
2022-09-01 10:02:00,0.00036231884057971015,inf
2022-09-01 10:03:00,0.0003621876131836291,0.0
2022-09-01 10:04:00,0.0003620564808110065,0.0
2022-09-01 10:05:00,0.0,0.0
2022-09-01 10:06:00,0.0003619254433586681,0.0
2022-09-01 10:07:00,-0.000361794500723589,0.0
2022-09-01 10:08:00,0.0003619254433586681,inf
2022-09-01 10:09:00,-0.000361794500723589,0.0
2022-09-01 10:10:00,-0.0007238508867173362,inf
2022-09-01 10:11:00,0.0003621876131836291,inf
2022-09-01 10:12:00,-0.000724112961622013,0.0
2022-09-01 10:13:00,0.0007246376811594203,inf
2022-09-01 10:14:00,0.0,0.0
2022-09-01 10:15:00,0.0003620564808110065,2.0
2022-09-01 10:31:00,-0.0003619254433586681,1.5
2022-09-01 10:32:00,0.001448225923244026,inf
2022-09-01 10:33:00,0.0,0.25
2022-09-01 10:34:00,-0.0010845986984815619,1.0
2022-09-01 10:35:00,0.0,4.0
2022-09-01 10:36:00,-0.0007238508867173362,1.0
2022-09-01 10:37:00,0.0003621876131836291,inf
2022-09-01 10:38:00,-0.000724112961622013,1.0
2022-09-01 10:39:00,-0.00036231884057971015,2.0
2022-09-01 10:40:00,0.0003624501631025734,inf
2022-09-01 10:41:00,0.00036231884057971015,1.0
2022-09-01 10:42:00,-0.0007243752263672582,0.5
2022-09-01 10:43:00,-0.0003624501631025734,inf
2022-09-01 10:44:00,0.0,1.0
2022-09-01 10:45:00,0.00036258158085569254,0.0
2022-09-01 10:46:00,0.0,0.0
2022-09-01 10:47:00,-0.0003624501631025734,0.0
2022-09-01 10:48:00,0.0,1.0
2022-09-01 10:49:00,0.0,0.0
2022-09-01 10:50:00,0.0007251631617113851,1.0
2022-09-01 10:51:00,0.0010869565217391304,0.0
2022-09-01 10:52:00,-0.0003619254433586681,0.25
2022-09-01 10:53:00,0.001448225923244026,inf
2022-09-01 10:54:00,-0.0010845986984815619,0.25
2022-09-01 10:55:00,0.0007238508867173362,inf
2022-09-01 10:56:00,0.0007233273056057866,0.0
2022-09-01 10:57:00,0.0003614022406938923,1.3333333333333333
2022-09-01 10:58:00,0.000722543352601156,1.0
2022-09-01 10:59:00,0.002527075812274368,0.5
2022-09-01 11:00:00,-0.0018005041411595247,0.14285714285714285
2022-09-01 11:01:00,0.0007215007215007215,4.0
2022-09-01 11:02:00,0.0003604902667627974,0.6666666666666666
2022-09-01 11:03:00,0.001081081081081081,0.0
2022-09-01 11:04:00,-0.0010799136069114472,0.25
2022-09-01 11:05:00,0.001081081081081081,inf
2022-09-01 11:06:00,0.0010799136069114472,0.0
2022-09-01 11:07:00,0.000719165767709457,0.3333333333333333
2022-09-01 11:08:00,0.0010779734099892202,1.0
2022-09-01 11:09:00,-0.0007178750897343862,0.3333333333333333
2022-09-01 11:10:00,0.0010775862068965517,5.0
2022-09-01 11:11:00,0.001794043774668102,0.25
2022-09-01 11:12:00,0.0014326647564469914,0.0
2022-09-01 11:13:00,0.0,0.0
2022-09-01 11:14:00,0.001072961373390558,4.0
2022-09-01 11:15:00,0.0,0.0
2022-09-01 11:16:00,0.0035727045373347625,0.75
2022-09-01 11:17:00,0.001067995728017088,0.3333333333333333
2022-09-01 11:18:00,-0.004267425320056899,2.3333333333333335
2022-09-01 11:19:00,0.002142857142857143,3.25
2022-09-01 11:20:00,0.0003563791874554526,0.14285714285714285
2022-09-01 11:21:00,0.0010687566797292483,0.5
2022-09-01 11:22:00,-0.002491103202846975,0.0
2022-09-01 11:23:00,-0.0021405636817695326,7.0
2022-09-01 11:24:00,0.0014301036825169824,9.0
2022-09-01 11:25:00,0.001785076758300607,0.2
2022-09-01 11:26:00,-0.003563791874554526,0.0
2022-09-01 11:27:00,0.000357653791130186,inf
2022-09-01 11:28:00,-0.001787629603146228,1.0
2022-09-01 11:29:00,0.0007163323782234957,inf
2022-09-01 11:30:00,0.0,0.0
2022-09-01 13:31:00,-0.0007171029042667623,0.6666666666666666
2022-09-01 13:32:00,-0.001076426264800861,2.0
2022-09-01 13:33:00,-0.0007183908045977011,3.0
2022-09-01 13:34:00,0.0003594536304816679,0.5
2022-09-01 13:35:00,-0.0007186489399928135,0.5
2022-09-01 13:36:00,0.001438331535418914,inf
2022-09-01 13:37:00,0.0003590664272890485,0.2
2022-09-01 13:38:00,0.0003589375448671931,0.5
2022-09-01 13:39:00,-0.0014352350197344816,0.25
2022-09-01 13:40:00,-0.00035932446999640676,4.0
2022-09-01 13:41:00,0.0007189072609633358,inf
2022-09-01 13:42:00,0.0017959770114942528,0.0
2022-09-01 13:43:00,-0.0014342058085335247,0.4
2022-09-01 13:44:00,0.0010771992818671453,5.0
2022-09-01 13:45:00,-0.0003586800573888092,0.0
2022-09-01 13:46:00,0.0014352350197344816,1.0
2022-09-01 13:47:00,-0.0007165890361877463,0.0
2022-09-01 13:48:00,-0.00035855145213338117,0.5
2022-09-01 13:49:00,-0.001793400286944046,inf
2022-09-01 13:50:00,0.0021559468199784403,inf
2022-09-01 13:51:00,0.0017927572606669057,0.0
2022-09-01 13:52:00,-0.002863278453829635,0.0
2022-09-01 13:53:00,0.0007178750897343862,inf
2022-09-01 13:54:00,0.0003586800573888092,1.0
2022-09-01 13:55:00,0.00035855145213338117,1.5
2022-09-01 13:56:00,0.0,0.5
2022-09-01 13:57:00,-0.0007168458781362007,2.0
2022-09-01 13:58:00,0.0003586800573888092,3.0
2022-09-01 13:59:00,0.00035855145213338117,1.0
2022-09-01 14:00:00,0.0,0.5
2022-09-01 14:01:00,-0.001075268817204301,1.0
2022-09-01 14:02:00,-0.0003588087549336204,1.5
2022-09-01 14:03:00,0.0003589375448671931,2.0
2022-09-01 14:04:00,0.0,1.0
2022-09-01 14:05:00,-0.0003588087549336204,2.0
2022-09-01 14:06:00,0.0,inf
2022-09-01 14:07:00,0.0,1.0
2022-09-01 14:08:00,-0.0007178750897343862,inf
2022-09-01 14:09:00,0.0007183908045977011,inf
2022-09-01 14:10:00,-0.0007178750897343862,0.5
2022-09-01 14:11:00,0.0,inf
2022-09-01 14:12:00,0.00035919540229885057,inf
2022-09-01 14:13:00,0.0,1.0
2022-09-01 14:14:00,-0.0010771992818671453,inf
2022-09-01 14:15:00,0.0003594536304816679,4.0
2022-09-01 14:16:00,0.00035932446999640676,1.0
2022-09-01 14:17:00,0.0014367816091954023,0.5
2022-09-01 14:18:00,-0.0003586800573888092,0.25
2022-09-01 14:19:00,-0.001076426264800861,2.5
2022-09-01 14:20:00,0.00035919540229885057,4.0
2022-09-01 14:21:00,0.000718132854578097,0.3333333333333333
2022-09-01 14:22:00,-0.0003588087549336204,0.5
2022-09-01 14:23:00,0.0003589375448671931,2.0
2022-09-01 14:24:00,-0.001076426264800861,1.0
2022-09-01 14:25:00,0.0,inf
2022-09-01 14:26:00,0.0,1.0
2022-09-01 14:27:00,0.00035919540229885057,0.5
2022-09-01 14:28:00,0.000718132854578097,0.0
2022-09-01 14:29:00,0.0007176175098672408,0.6666666666666666
2022-09-01 14:30:00,0.0007171029042667623,0.5
2022-09-01 14:31:00,-0.00035829451809387314,0.0
2022-09-01 14:32:00,-0.00035842293906810036,4.0
2022-09-01 14:33:00,0.0010756543564001434,inf
2022-09-01 14:34:00,-0.0007163323782234957,0.0
2022-09-01 14:35:00,0.0,2.0
2022-09-01 14:36:00,0.001075268817204301,1.0
2022-09-01 14:37:00,0.0,0.75
2022-09-01 14:38:00,0.00035803795202291446,0.3333333333333333
2022-09-01 14:39:00,0.0007158196134574087,3.0
2022-09-01 14:40:00,0.001072961373390558,0.0
2022-09-01 14:41:00,0.0003572704537334762,0.25
2022-09-01 14:42:00,-0.0010714285714285715,0.0
2022-09-01 14:43:00,0.0003575259206292456,3.0
2022-09-01 14:44:00,0.0007147962830593281,0.5
2022-09-01 14:45:00,0.0,0.3333333333333333
2022-09-01 14:46:00,0.0,1.0
2022-09-01 14:47:00,-0.0017857142857142857,inf
2022-09-01 14:48:00,0.0,6.0
2022-09-01 14:49:00,-0.002146690518783542,2.0
2022-09-01 14:50:00,-0.0007171029042667623,3.0
2022-09-01 14:51:00,0.001076426264800861,3.0
2022-09-01 14:52:00,0.00035842293906810036,0.3333333333333333
2022-09-01 14:53:00,0.0,3.0
2022-09-01 14:54:00,0.0010748835542816195,1.0
2022-09-01 14:55:00,0.0007158196134574087,0.3333333333333333
2022-09-01 14:56:00,0.0,0.6666666666666666
2022-09-01 14:57:00,0.002145922746781116,1.0
2022-09-01 14:58:00,-0.0007137758743754461,0.16666666666666666
2022-09-01 14:59:00,-0.0010714285714285715,3.0
2022-09-01 15:00:00,0.0,0.6666666666666666
