Time,return
2022-08-22 09:02:00,0.0014869888475836
2022-08-22 09:03:00,0.0022271714922048
2022-08-22 09:04:00,-0.0022222222222222
2022-08-22 09:05:00,0.0007423904974016
2022-08-22 09:06:00,-0.0014836795252225
2022-08-22 09:08:00,-0.0029761904761904
2022-08-22 09:09:00,0.0007462686567164
2022-08-22 09:10:00,0.0
2022-08-22 09:11:00,0.0033557046979865
2022-08-22 09:12:00,0.0007432181345224
2022-08-22 09:13:00,0.0048273301151132
2022-08-22 09:14:00,-0.0018477457501847
2022-08-22 09:15:00,0.0
2022-08-22 09:16:00,-0.0018511662347278
2022-08-22 09:17:00,-0.0025964391691394
2022-08-22 09:19:00,0.0
2022-08-22 09:20:00,-0.0003721622627465
2022-08-22 09:22:00,-0.0003723008190618
2022-08-22 09:26:00,0.0007454342154304
2022-08-22 09:27:00,0.0
2022-08-22 09:28:00,0.0003724394785847
2022-08-22 09:29:00,0.0
2022-08-22 09:30:00,-0.0014892032762472
2022-08-22 09:32:00,-0.0003724394785847
2022-08-22 09:33:00,0.0
2022-08-22 09:34:00,0.0003725782414307
2022-08-22 09:35:00,0.0
2022-08-22 09:36:00,0.0
2022-08-22 09:37:00,0.0022346368715083
2022-08-22 09:38:00,0.0011148272017837
2022-08-22 09:39:00,0.0003711952487008
2022-08-22 09:40:00,-0.0018552875695732
2022-08-22 09:42:00,0.00037147102526
2022-08-22 09:43:00,0.0011139992573338
2022-08-22 09:44:00,-0.0011127596439169
2022-08-22 09:46:00,0.0022271714922048
2022-08-22 09:47:00,0.0003703703703703
2022-08-22 09:48:00,-0.0011106997408367
2022-08-22 09:50:00,0.0003706449221645
2022-08-22 09:51:00,0.0
2022-08-22 09:52:00,-0.0007410151908114
2022-08-22 09:54:00,0.0007412898443291
2022-08-22 09:55:00,-0.0003703703703703
2022-08-22 09:56:00,-0.0003705075954057
2022-08-22 09:58:00,0.0003709198813056
2022-08-22 09:59:00,0.0003707823507601
2022-08-22 10:00:00,0.0007412898443291
2022-08-22 10:01:00,0.0014814814814814
2022-08-22 10:02:00,-0.0003698224852071
2022-08-22 10:03:00,-0.001479837217906
2022-08-22 10:04:00,0.0
2022-08-22 10:05:00,0.0018525379770285
2022-08-22 10:06:00,-0.0014792899408284
2022-08-22 10:08:00,-0.0007396449704142
2022-08-22 10:09:00,0.000740192450037
2022-08-22 10:10:00,0.0
2022-08-22 10:11:00,0.0
2022-08-22 10:12:00,-0.0011094674556213
2022-08-22 10:13:00,-0.0003702332469455
2022-08-22 10:14:00,0.0003703703703703
2022-08-22 10:15:00,-0.0003702332469455
2022-08-22 10:31:00,0.0007412898443291
2022-08-22 10:32:00,0.0007407407407407
2022-08-22 10:33:00,-0.0011102886750555
2022-08-22 10:35:00,-0.0007412898443291
2022-08-22 10:36:00,0.0014836795252225
2022-08-22 10:37:00,-0.0003703703703703
2022-08-22 10:38:00,-0.0007410151908114
2022-08-22 10:39:00,0.0014831294030404
2022-08-22 10:40:00,-0.0007404664938911
2022-08-22 10:42:00,0.0003703703703703
2022-08-22 10:43:00,-0.0018511662347278
2022-08-22 10:44:00,0.0
2022-08-22 10:45:00,0.0003709198813056
2022-08-22 10:46:00,-0.0003707823507601
2022-08-22 10:48:00,-0.0003700962250185
2022-08-22 10:49:00,0.0011106997408367
2022-08-22 10:50:00,0.0003698224852071
2022-08-22 10:51:00,-0.0007393715341959
2022-08-22 10:54:00,0.0011102886750555
2022-08-22 10:55:00,0.0
2022-08-22 10:56:00,0.0007393715341959
2022-08-22 10:57:00,0.000369412633912
2022-08-22 10:58:00,0.0003692762186115
2022-08-22 10:59:00,0.0
2022-08-22 11:00:00,-0.0011074197120708
2022-08-22 11:02:00,0.0007393715341959
2022-08-22 11:03:00,0.0
2022-08-22 11:04:00,-0.000369412633912
2022-08-22 11:05:00,0.0014781966001478
2022-08-22 11:06:00,-0.0011070110701107
2022-08-22 11:07:00,-0.0007388252678241
2022-08-22 11:08:00,0.0014787430683918
2022-08-22 11:09:00,-0.0003691399040236
2022-08-22 11:10:00,0.0
2022-08-22 11:12:00,0.0
2022-08-22 11:13:00,0.0011082379017362
2022-08-22 11:14:00,-0.0003690036900369
2022-08-22 11:15:00,0.0
2022-08-22 11:16:00,0.0011074197120708
2022-08-22 11:17:00,-0.0003687315634218
2022-08-22 11:18:00,-0.00073773515308
2022-08-22 11:20:00,0.0007380073800738
2022-08-22 11:21:00,0.0003687315634218
2022-08-22 11:22:00,0.0007371913011426
2022-08-22 11:23:00,-0.0011049723756906
2022-08-22 11:24:00,0.0
2022-08-22 11:25:00,-0.0003687315634218
2022-08-22 11:26:00,-0.00110660272962
2022-08-22 11:27:00,-0.000738552437223
2022-08-22 11:28:00,0.0007390983000739
2022-08-22 11:29:00,0.0003692762186115
2022-08-22 11:30:00,0.0003691399040236
2022-08-22 13:31:00,0.0003702332469455
2022-08-22 13:32:00,-0.000740192450037
2022-08-22 13:34:00,0.0007407407407407
2022-08-22 13:35:00,0.000740192450037
2022-08-22 13:36:00,0.0
2022-08-22 13:37:00,0.0007396449704142
2022-08-22 13:38:00,-0.0007390983000739
2022-08-22 13:41:00,-0.0018484288354898
2022-08-22 13:42:00,-0.0011111111111111
2022-08-22 13:43:00,0.0011123470522803
2022-08-22 13:44:00,0.0007407407407407
2022-08-22 13:45:00,-0.0003700962250185
2022-08-22 13:46:00,-0.0003702332469455
2022-08-22 13:47:00,0.0007407407407407
2022-08-22 13:48:00,-0.000740192450037
2022-08-22 13:49:00,-0.0003703703703703
2022-08-22 13:50:00,0.0007410151908114
2022-08-22 13:51:00,0.0
2022-08-22 13:52:00,-0.0003702332469455
2022-08-22 13:53:00,0.0011111111111111
2022-08-22 13:54:00,-0.0011098779134295
2022-08-22 13:56:00,0.0003700962250185
2022-08-22 13:57:00,-0.0003699593044765
2022-08-22 13:58:00,-0.000740192450037
2022-08-22 14:00:00,-0.0018511662347278
2022-08-22 14:02:00,-0.0003707823507601
2022-08-22 14:04:00,0.0003713330857779
2022-08-22 14:05:00,-0.001855976243504
2022-08-22 14:06:00,0.0003718854592785
2022-08-22 14:07:00,-0.0003717472118959
2022-08-22 14:08:00,0.0003718854592785
2022-08-22 14:09:00,0.0
2022-08-22 14:10:00,0.0
2022-08-22 14:11:00,-0.0003717472118959
2022-08-22 14:12:00,-0.0033469691335068
2022-08-22 14:14:00,0.000372995151063
2022-08-22 14:15:00,0.0
2022-08-22 14:16:00,-0.000372856077554
2022-08-22 14:18:00,0.0011181513231457
2022-08-22 14:19:00,-0.001861504095309
2022-08-22 14:21:00,-0.0007448789571694
2022-08-22 14:22:00,0.0
2022-08-22 14:23:00,-0.0003727171077152
2022-08-22 14:24:00,0.0026099925428784
2022-08-22 14:25:00,0.0
2022-08-22 14:26:00,0.000743770918557
2022-08-22 14:27:00,-0.0003716090672612
2022-08-22 14:28:00,0.0003717472118959
2022-08-22 14:29:00,0.0
2022-08-22 14:30:00,0.0003716090672612
2022-08-22 14:31:00,-0.00111441307578
2022-08-22 14:33:00,-0.0011152416356877
2022-08-22 14:35:00,0.0003721622627465
2022-08-22 14:36:00,0.0003720238095238
2022-08-22 14:37:00,0.0022313127556712
2022-08-22 14:38:00,-0.0007421150278293
2022-08-22 14:39:00,0.0003713330857779
2022-08-22 14:40:00,-0.0007423904974016
2022-08-22 14:43:00,0.00074294205052
2022-08-22 14:44:00,-0.0003711952487008
2022-08-22 14:45:00,-0.0003713330857779
2022-08-22 14:47:00,-0.0003711952487008
2022-08-22 14:48:00,0.0003713330857779
2022-08-22 14:49:00,-0.0007423904974016
2022-08-22 14:51:00,-0.00037147102526
2022-08-22 14:52:00,0.0
2022-08-22 14:53:00,0.0
2022-08-22 14:54:00,-0.0003716090672612
2022-08-22 14:56:00,-0.0003717472118959
2022-08-22 14:58:00,0.0
2022-08-22 14:59:00,0.0
2022-08-22 15:00:00,-0.00037147102526
2022-08-23 09:02:00,-0.0032858707557502
2022-08-23 09:03:00,0.0
2022-08-23 09:04:00,-0.0018315018315018
2022-08-23 09:05:00,0.0018348623853211
2022-08-23 09:06:00,-0.001098901098901
2022-08-23 09:07:00,0.0018335166850018
2022-08-23 09:08:00,0.0007320644216691
2022-08-23 09:09:00,0.0007315288953913
2022-08-23 09:10:00,0.0018274853801169
2022-08-23 09:11:00,-0.0010944910616563
2022-08-23 09:12:00,-0.0007304601899196
2022-08-23 09:13:00,0.0014619883040935
2022-08-23 09:14:00,0.0047445255474452
2022-08-23 09:15:00,0.0
2022-08-23 09:16:00,-0.0021794406102433
2022-08-23 09:17:00,0.0003640334910811
2022-08-23 09:18:00,-0.0010917030567685
2022-08-23 09:20:00,0.0018208302986161
2022-08-23 09:21:00,0.0021810250817884
2022-08-23 09:22:00,0.0003627130939426
2022-08-23 09:23:00,0.0029006526468455
2022-08-23 09:24:00,0.0039768618944323
2022-08-23 09:25:00,-0.0032409074540871
2022-08-23 09:26:00,0.0007225433526011
2022-08-23 09:27:00,0.0010830324909747
2022-08-23 09:28:00,0.0
2022-08-23 09:29:00,0.0032455824017309
2022-08-23 09:30:00,-0.0025161754133716
2022-08-23 09:31:00,0.0003603603603603
2022-08-23 09:32:00,0.002521613832853
2022-08-23 09:33:00,-0.0007186489399928
2022-08-23 09:34:00,0.0007191657677094
2022-08-23 09:35:00,-0.0003593244699964
2022-08-23 09:36:00,0.0
2022-08-23 09:37:00,0.0
2022-08-23 09:38:00,-0.0003594536304816
2022-08-23 09:40:00,0.0003594536304816
2022-08-23 09:41:00,-0.001796622349982
2022-08-23 09:42:00,-0.0014398848092152
2022-08-23 09:43:00,0.0018024513338139
2022-08-23 09:44:00,-0.0003598416696653
2022-08-23 09:45:00,0.0
2022-08-23 09:46:00,0.0014398848092152
2022-08-23 09:47:00,0.0003594536304816
2022-08-23 09:48:00,-0.0003593244699964
2022-08-23 09:49:00,0.0
2022-08-23 09:50:00,0.0003594536304816
2022-08-23 09:51:00,0.0
2022-08-23 09:52:00,0.0003593244699964
2022-08-23 09:53:00,-0.0014367816091954
2022-08-23 09:55:00,0.0
2022-08-23 09:56:00,-0.0003591954022988
2022-08-23 09:57:00,-0.001796622349982
2022-08-23 09:59:00,0.0
2022-08-23 10:00:00,0.0003597122302158
2022-08-23 10:01:00,0.0
2022-08-23 10:02:00,-0.0014383315354189
2022-08-23 10:04:00,-0.0003598416696653
2022-08-23 10:05:00,0.0007199424046076
2022-08-23 10:06:00,0.0003597122302158
2022-08-23 10:07:00,-0.0003595828838547
2022-08-23 10:08:00,0.0
2022-08-23 10:09:00,0.0007194244604316
2022-08-23 10:10:00,0.0007189072609633
2022-08-23 10:11:00,-0.0014367816091954
2022-08-23 10:12:00,0.0003597122302158
2022-08-23 10:13:00,-0.0007191657677094
2022-08-23 10:15:00,0.0
2022-08-23 10:31:00,0.0003599712023038
2022-08-23 10:32:00,-0.0014393666786613
2022-08-23 10:33:00,0.0003603603603603
2022-08-23 10:34:00,-0.0003602305475504
2022-08-23 10:35:00,0.0007207207207207
2022-08-23 10:36:00,-0.0003601008282319
2022-08-23 10:39:00,0.0003601008282319
2022-08-23 10:40:00,0.0
2022-08-23 10:41:00,-0.0003599712023038
2022-08-23 10:42:00,0.0
2022-08-23 10:44:00,0.0
2022-08-23 10:45:00,0.0003599712023038
2022-08-23 10:46:00,0.0007196833393306
2022-08-23 10:47:00,-0.0007191657677094
2022-08-23 10:48:00,-0.0003598416696653
2022-08-23 10:49:00,0.0003599712023038
2022-08-23 10:50:00,-0.0007196833393306
2022-08-23 10:51:00,0.0003601008282319
2022-08-23 10:52:00,0.0
2022-08-23 10:53:00,0.0
2022-08-23 10:54:00,0.0003599712023038
2022-08-23 10:55:00,-0.001079525008996
2022-08-23 10:57:00,0.0003604902667627
2022-08-23 10:58:00,0.0007207207207207
2022-08-23 10:59:00,0.0
2022-08-23 11:00:00,0.0
2022-08-23 11:01:00,0.0003601008282319
2022-08-23 11:02:00,0.0010799136069114
2022-08-23 11:03:00,-0.0007191657677094
2022-08-23 11:04:00,0.0
2022-08-23 11:05:00,0.0
2022-08-23 11:06:00,0.0
2022-08-23 11:09:00,0.0
2022-08-23 11:10:00,0.0003598416696653
2022-08-23 11:11:00,0.0
2022-08-23 11:12:00,0.0007194244604316
2022-08-23 11:13:00,-0.0003594536304816
2022-08-23 11:14:00,0.0003595828838547
2022-08-23 11:15:00,0.0
2022-08-23 11:16:00,0.0
2022-08-23 11:17:00,-0.0007189072609633
2022-08-23 11:20:00,-0.0003595828838547
2022-08-23 11:21:00,-0.0003597122302158
2022-08-23 11:22:00,0.0
2022-08-23 11:23:00,-0.0003598416696653
2022-08-23 11:24:00,0.0003599712023038
2022-08-23 11:25:00,-0.0003598416696653
2022-08-23 11:28:00,0.0
2022-08-23 11:29:00,-0.0010791366906474
2022-08-23 13:31:00,0.0007215007215007
2022-08-23 13:32:00,0.0003604902667627
2022-08-23 13:33:00,0.0003603603603603
2022-08-23 13:34:00,0.0
2022-08-23 13:35:00,0.0014409221902017
2022-08-23 13:36:00,0.0003597122302158
2022-08-23 13:37:00,-0.0003595828838547
2022-08-23 13:39:00,0.0007202016564638
2022-08-23 13:40:00,-0.0003598416696653
2022-08-23 13:41:00,0.0007199424046076
2022-08-23 13:42:00,-0.0003597122302158
2022-08-23 13:43:00,0.0007196833393306
2022-08-23 13:44:00,-0.0003595828838547
2022-08-23 13:45:00,-0.0007194244604316
2022-08-23 13:47:00,0.0003598416696653
2022-08-23 13:48:00,0.0
2022-08-23 13:49:00,-0.0003597122302158
2022-08-23 13:51:00,-0.0007194244604316
2022-08-23 13:53:00,-0.0003598416696653
2022-08-23 13:55:00,-0.001078360891445
2022-08-23 13:56:00,0.0
2022-08-23 13:58:00,-0.0003597122302158
2022-08-23 13:59:00,-0.0003598416696653
2022-08-23 14:00:00,0.0
2022-08-23 14:01:00,0.0
2022-08-23 14:03:00,0.0003598416696653
2022-08-23 14:04:00,-0.0003597122302158
2022-08-23 14:05:00,0.001079525008996
2022-08-23 14:06:00,0.00215672178289
2022-08-23 14:07:00,0.0007173601147776
2022-08-23 14:08:00,-0.0017921146953405
2022-08-23 14:09:00,-0.0014362657091561
2022-08-23 14:10:00,0.0007191657677094
2022-08-23 14:11:00,-0.001796622349982
2022-08-23 14:12:00,0.0010799136069114
2022-08-23 14:13:00,0.0003595828838547
2022-08-23 14:14:00,-0.0003594536304816
2022-08-23 14:15:00,-0.0003595828838547
2022-08-23 14:17:00,0.0003593244699964
2022-08-23 14:18:00,-0.0007183908045977
2022-08-23 14:19:00,0.0
2022-08-23 14:20:00,-0.0007189072609633
2022-08-23 14:21:00,-0.0003597122302158
2022-08-23 14:23:00,0.0
2022-08-23 14:24:00,0.0
2022-08-23 14:25:00,0.0007194244604316
2022-08-23 14:26:00,0.0003594536304816
2022-08-23 14:27:00,-0.0003593244699964
2022-08-23 14:28:00,-0.0007189072609633
2022-08-23 14:29:00,0.0003597122302158
2022-08-23 14:30:00,0.0
2022-08-23 14:31:00,-0.0007191657677094
2022-08-23 14:32:00,0.0003598416696653
2022-08-23 14:33:00,0.0
2022-08-23 14:34:00,-0.0003597122302158
2022-08-23 14:35:00,0.0003598416696653
2022-08-23 14:36:00,0.0007194244604316
2022-08-23 14:37:00,0.0
2022-08-23 14:38:00,-0.0007189072609633
2022-08-23 14:39:00,0.0003597122302158
2022-08-23 14:40:00,0.0010787486515641
2022-08-23 14:41:00,-0.0007183908045977
2022-08-23 14:43:00,0.0014372978799856
2022-08-23 14:44:00,0.0
2022-08-23 14:45:00,0.0014352350197344
2022-08-23 14:46:00,0.0003582945180938
2022-08-23 14:47:00,-0.0010744985673352
2022-08-23 14:49:00,0.0003586800573888
2022-08-23 14:50:00,0.0
2022-08-23 14:51:00,0.0
2022-08-23 14:52:00,-0.0003585514521333
2022-08-23 14:54:00,0.0
2022-08-23 14:55:00,0.0014347202295552
2022-08-23 14:56:00,-0.0003581661891117
2022-08-23 14:57:00,0.0003582945180938
2022-08-23 14:58:00,0.0017908309455587
2022-08-23 14:59:00,-0.0010725777618877
2022-08-23 15:00:00,0.0
2022-08-24 09:02:00,0.0
2022-08-24 09:03:00,-0.0017686593562079
2022-08-24 09:05:00,-0.0007072135785007
2022-08-24 09:06:00,-0.0007077140835102
2022-08-24 09:07:00,0.0010623229461756
2022-08-24 09:08:00,-0.0024761230986911
2022-08-24 09:09:00,0.000354609929078
2022-08-24 09:10:00,-0.0003544842254519
2022-08-24 09:11:00,0.000709219858156
2022-08-24 09:12:00,-0.0003543586109142
2022-08-24 09:14:00,-0.0007089684509039
2022-08-24 09:15:00,0.0017736786094359
2022-08-24 09:16:00,0.0007082152974504
2022-08-24 09:17:00,0.0003538570417551
2022-08-24 09:18:00,-0.0007074637424831
2022-08-24 09:19:00,0.0010619469026548
2022-08-24 09:20:00,-0.0007072135785007
2022-08-24 09:22:00,-0.001060820367751
2022-08-24 09:23:00,0.0
2022-08-24 09:24:00,0.0003539823008849
2022-08-24 09:25:00,0.0007077140835102
2022-08-24 09:26:00,-0.001060820367751
2022-08-24 09:27:00,0.0
2022-08-24 09:28:00,0.0
2022-08-24 09:29:00,0.0003539823008849
2022-08-24 09:30:00,0.0010615711252653
2022-08-24 09:31:00,-0.000706963591375
2022-08-24 09:33:00,0.0
2022-08-24 09:34:00,0.0007072135785007
2022-08-24 09:35:00,-0.0007067137809187
2022-08-24 09:37:00,0.0
2022-08-24 09:38:00,0.0003538570417551
2022-08-24 09:39:00,0.0007074637424831
2022-08-24 09:40:00,-0.0010604453870625
2022-08-24 09:42:00,0.0007082152974504
2022-08-24 09:43:00,-0.0007077140835102
2022-08-24 09:44:00,0.0007082152974504
2022-08-24 09:45:00,-0.0010615711252653
2022-08-24 09:47:00,0.0
2022-08-24 09:48:00,-0.0003538570417551
2022-08-24 09:49:00,-0.0003539823008849
2022-08-24 09:50:00,0.0003541076487252
2022-08-24 09:51:00,0.0
2022-08-24 09:52:00,-0.0007079646017699
2022-08-24 09:54:00,-0.0007079646017699
2022-08-24 09:55:00,0.0
2022-08-24 09:56:00,0.0010626992561105
2022-08-24 09:57:00,0.0
2022-08-24 09:58:00,-0.0003538570417551
2022-08-24 09:59:00,-0.0014159292035398
2022-08-24 10:01:00,0.002125398512221
2022-08-24 10:02:00,0.000706963591375
2022-08-24 10:03:00,0.0010596962204168
2022-08-24 10:04:00,0.0
2022-08-24 10:05:00,0.0003528581510232
2022-08-24 10:06:00,-0.001763668430335
2022-08-24 10:07:00,-0.001060070671378
2022-08-24 10:08:00,0.0
2022-08-24 10:09:00,0.0
2022-08-24 10:11:00,-0.0007067137809187
2022-08-24 10:13:00,-0.0003534817956875
2022-08-24 10:32:00,-0.0010611956137247
2022-08-24 10:33:00,0.0007082152974504
2022-08-24 10:34:00,-0.0003538570417551
2022-08-24 10:36:00,-0.0010615711252653
2022-08-24 10:37:00,0.0007084661707403
2022-08-24 10:38:00,-0.0003539823008849
2022-08-24 10:39:00,0.0
2022-08-24 10:40:00,0.0010623229461756
2022-08-24 10:41:00,-0.0007074637424831
2022-08-24 10:42:00,-0.0003539823008849
2022-08-24 10:44:00,0.0
2022-08-24 10:45:00,0.0010619469026548
2022-08-24 10:46:00,-0.0007072135785007
2022-08-24 10:47:00,0.0010615711252653
2022-08-24 10:48:00,-0.0003534817956875
2022-08-24 10:49:00,-0.0003536067892503
2022-08-24 10:51:00,0.0
2022-08-24 10:52:00,0.0007072135785007
2022-08-24 10:53:00,0.0003533568904593
2022-08-24 10:54:00,-0.0003532320734722
2022-08-24 10:55:00,0.0007067137809187
2022-08-24 10:56:00,0.0007062146892655
2022-08-24 10:57:00,0.0
2022-08-24 10:58:00,-0.0003528581510232
2022-08-24 10:59:00,0.0003529827038475
2022-08-24 11:00:00,-0.0003528581510232
2022-08-24 11:02:00,0.001410934744268
2022-08-24 11:03:00,-0.0014089468122578
2022-08-24 11:04:00,0.0
2022-08-24 11:05:00,0.001058201058201
2022-08-24 11:06:00,0.0007047216349541
2022-08-24 11:07:00,-0.0007042253521126
2022-08-24 11:08:00,-0.0007047216349541
2022-08-24 11:09:00,0.0003526093088857
2022-08-24 11:10:00,-0.00105745505816
2022-08-24 11:12:00,0.0
2022-08-24 11:13:00,0.0
2022-08-24 11:14:00,-0.0007052186177715
2022-08-24 11:16:00,-0.0007052186177715
2022-08-24 11:18:00,0.0
2022-08-24 11:19:00,-0.000705467372134
2022-08-24 11:20:00,0.0003529827038475
2022-08-24 11:21:00,0.0
2022-08-24 11:22:00,0.0
2022-08-24 11:23:00,0.0
2022-08-24 11:24:00,-0.0003528581510232
2022-08-24 11:25:00,-0.0003529827038475
2022-08-24 11:27:00,-0.0010589481115425
2022-08-24 11:29:00,-0.000706963591375
2022-08-24 11:30:00,0.0003537318712415
2022-08-24 13:31:00,-0.0017680339462517
2022-08-24 13:33:00,0.0
2022-08-24 13:34:00,0.0
2022-08-24 13:35:00,-0.0003538570417551
2022-08-24 13:36:00,0.0003539823008849
2022-08-24 13:37:00,-0.0007077140835102
2022-08-24 13:39:00,0.0003539823008849
2022-08-24 13:40:00,0.0
2022-08-24 13:41:00,0.0007077140835102
2022-08-24 13:42:00,0.0003536067892503
2022-08-24 13:43:00,0.0
2022-08-24 13:44:00,0.0
2022-08-24 13:45:00,0.0003534817956875
2022-08-24 13:46:00,0.001060070671378
2022-08-24 13:47:00,0.000705965407695
2022-08-24 13:48:00,-0.000705467372134
2022-08-24 13:49:00,0.0
2022-08-24 13:50:00,0.0003529827038475
2022-08-24 13:51:00,0.0
2022-08-24 13:52:00,-0.0007057163020465
2022-08-24 13:54:00,-0.0003529827038475
2022-08-24 13:56:00,0.0003529827038475
2022-08-24 13:57:00,-0.0003528581510232
2022-08-24 13:58:00,0.0003529827038475
2022-08-24 13:59:00,0.0003528581510232
2022-08-24 14:00:00,-0.000352733686067
2022-08-24 14:01:00,0.0
2022-08-24 14:02:00,-0.0007057163020465
2022-08-24 14:04:00,0.0
2022-08-24 14:05:00,0.0003529827038475
2022-08-24 14:06:00,-0.0003528581510232
2022-08-24 14:07:00,0.0003529827038475
2022-08-24 14:08:00,0.0010585744530698
2022-08-24 14:09:00,0.0
2022-08-24 14:10:00,-0.0007049700387733
2022-08-24 14:12:00,0.0
2022-08-24 14:13:00,0.0
2022-08-24 14:14:00,0.0
2022-08-24 14:15:00,-0.0003526093088857
2022-08-24 14:16:00,0.0
2022-08-24 14:17:00,0.000352733686067
2022-08-24 14:18:00,0.0
2022-08-24 14:19:00,-0.0003526093088857
2022-08-24 14:21:00,0.0
2022-08-24 14:22:00,-0.0003524850193866
2022-08-24 14:23:00,0.0
2022-08-24 14:24:00,-0.0003526093088857
2022-08-24 14:25:00,0.000352733686067
2022-08-24 14:26:00,0.0
2022-08-24 14:27:00,0.0
2022-08-24 14:28:00,0.0
2022-08-24 14:29:00,-0.0010578279266572
2022-08-24 14:30:00,0.000705965407695
2022-08-24 14:31:00,0.0
2022-08-24 14:32:00,-0.000352733686067
2022-08-24 14:33:00,0.0003528581510232
2022-08-24 14:34:00,0.000352733686067
2022-08-24 14:35:00,0.0
2022-08-24 14:36:00,-0.0007052186177715
2022-08-24 14:37:00,0.0
2022-08-24 14:38:00,-0.0007057163020465
2022-08-24 14:40:00,0.0003532320734722
2022-08-24 14:41:00,-0.0003531073446327
2022-08-24 14:42:00,0.0007064641469445
2022-08-24 14:43:00,-0.00141193081539
2022-08-24 14:45:00,-0.0003532320734722
2022-08-24 14:46:00,0.0003533568904593
2022-08-24 14:47:00,-0.0003532320734722
2022-08-24 14:48:00,0.0003533568904593
2022-08-24 14:49:00,-0.0007064641469445
2022-08-24 14:51:00,0.0
2022-08-24 14:52:00,-0.0003532320734722
2022-08-24 14:54:00,0.0007062146892655
2022-08-24 14:55:00,0.0
2022-08-24 14:56:00,0.0003528581510232
2022-08-24 14:57:00,0.000705467372134
2022-08-24 14:58:00,-0.0007049700387733
2022-08-24 15:00:00,0.0
2022-08-25 09:02:00,-0.0017655367231638
2022-08-25 09:03:00,-0.0003537318712415
2022-08-25 09:04:00,-0.0014154281670205
2022-08-25 09:05:00,0.0014174344436569
2022-08-25 09:06:00,0.0007077140835102
2022-08-25 09:07:00,-0.001060820367751
2022-08-25 09:08:00,0.0003539823008849
2022-08-25 09:09:00,0.0
2022-08-25 09:10:00,-0.0003538570417551
2022-08-25 09:11:00,0.0003539823008849
2022-08-25 09:12:00,0.0014154281670205
2022-08-25 09:13:00,0.0017667844522968
2022-08-25 09:14:00,-0.001058201058201
2022-08-25 09:15:00,0.0007062146892655
2022-08-25 09:16:00,0.0
2022-08-25 09:17:00,0.0
2022-08-25 09:18:00,0.0
2022-08-25 09:19:00,0.0003528581510232
2022-08-25 09:20:00,-0.001058201058201
2022-08-25 09:21:00,0.0007062146892655
2022-08-25 09:22:00,-0.0010585744530698
2022-08-25 09:23:00,0.0
2022-08-25 09:24:00,-0.0003532320734722
2022-08-25 09:25:00,0.0
2022-08-25 09:26:00,0.0
2022-08-25 09:27:00,-0.0007067137809187
2022-08-25 09:28:00,-0.0003536067892503
2022-08-25 09:29:00,-0.0007074637424831
2022-08-25 09:31:00,0.0003541076487252
2022-08-25 09:32:00,-0.0003539823008849
2022-08-25 09:33:00,0.0
2022-08-25 09:34:00,0.0014164305949008
2022-08-25 09:35:00,0.001060820367751
2022-08-25 09:36:00,-0.0007064641469445
2022-08-25 09:38:00,0.0
2022-08-25 09:39:00,0.0
2022-08-25 09:40:00,-0.000706963591375
2022-08-25 09:42:00,0.0003536067892503
2022-08-25 09:43:00,-0.0003534817956875
2022-08-25 09:45:00,-0.0003533568904593
2022-08-25 09:46:00,0.0
2022-08-25 09:47:00,0.0
2022-08-25 09:48:00,-0.0003534817956875
2022-08-25 09:50:00,0.0
2022-08-25 09:51:00,0.0003534817956875
2022-08-25 09:52:00,-0.0003533568904593
2022-08-25 09:53:00,0.0003534817956875
2022-08-25 09:54:00,-0.0003533568904593
2022-08-25 09:55:00,-0.000706963591375
2022-08-25 09:56:00,0.0007074637424831
2022-08-25 09:57:00,0.0003534817956875
2022-08-25 09:58:00,0.0014134275618374
2022-08-25 09:59:00,0.0007057163020465
2022-08-25 10:00:00,-0.0021156558533145
2022-08-25 10:01:00,-0.0007067137809187
2022-08-25 10:02:00,0.0003536067892503
2022-08-25 10:03:00,-0.000706963591375
2022-08-25 10:04:00,0.0
2022-08-25 10:05:00,-0.0010611956137247
2022-08-25 10:06:00,0.0010623229461756
2022-08-25 10:07:00,-0.0007074637424831
2022-08-25 10:08:00,0.0
2022-08-25 10:10:00,0.0007079646017699
2022-08-25 10:11:00,0.0
2022-08-25 10:12:00,-0.0010611956137247
2022-08-25 10:13:00,0.0003541076487252
2022-08-25 10:14:00,0.0003539823008849
2022-08-25 10:15:00,0.0
2022-08-25 10:32:00,0.0003536067892503
2022-08-25 10:33:00,0.00141392718275
2022-08-25 10:34:00,0.0003529827038475
2022-08-25 10:35:00,-0.0007057163020465
2022-08-25 10:36:00,-0.0003531073446327
2022-08-25 10:38:00,0.0003529827038475
2022-08-25 10:39:00,-0.0007057163020465
2022-08-25 10:40:00,0.0007062146892655
2022-08-25 10:41:00,-0.0003528581510232
2022-08-25 10:42:00,-0.0003529827038475
2022-08-25 10:45:00,0.0
2022-08-25 10:46:00,0.0003529827038475
2022-08-25 10:47:00,0.0
2022-08-25 10:48:00,0.0007057163020465
2022-08-25 10:49:00,-0.0021156558533145
2022-08-25 10:51:00,0.000706963591375
2022-08-25 10:52:00,0.0
2022-08-25 10:53:00,0.0
2022-08-25 10:56:00,0.0021171489061397
2022-08-25 10:57:00,-0.001056338028169
2022-08-25 10:58:00,0.0
2022-08-25 10:59:00,0.0
2022-08-25 11:00:00,-0.0003524850193866
2022-08-25 11:02:00,-0.0010567101091933
2022-08-25 11:03:00,-0.0007052186177715
2022-08-25 11:04:00,0.0
2022-08-25 11:05:00,-0.0007057163020465
2022-08-25 11:07:00,-0.0003528581510232
2022-08-25 11:09:00,0.0
2022-08-25 11:10:00,0.00105745505816
2022-08-25 11:11:00,0.0014084507042253
2022-08-25 11:12:00,-0.0010548523206751
2022-08-25 11:14:00,0.0
2022-08-25 11:15:00,-0.0007039774727208
2022-08-25 11:17:00,0.0
2022-08-25 11:18:00,-0.0014084507042253
2022-08-25 11:19:00,0.0007052186177715
2022-08-25 11:20:00,0.000352360817477
2022-08-25 11:21:00,0.0003522367030644
2022-08-25 11:22:00,-0.0007042253521126
2022-08-25 11:24:00,0.0003522367030644
2022-08-25 11:25:00,-0.0003521126760563
2022-08-25 11:27:00,-0.001056338028169
2022-08-25 11:29:00,0.0007047216349541
2022-08-25 11:30:00,-0.0003521126760563
2022-08-25 13:31:00,0.000352733686067
2022-08-25 13:32:00,0.001410437235543
2022-08-25 13:33:00,-0.001056338028169
2022-08-25 13:34:00,0.0
2022-08-25 13:35:00,-0.0003524850193866
2022-08-25 13:36:00,-0.0010578279266572
2022-08-25 13:37:00,0.0003529827038475
2022-08-25 13:38:00,0.0007057163020465
2022-08-25 13:39:00,-0.0003526093088857
2022-08-25 13:40:00,-0.000352733686067
2022-08-25 13:41:00,0.0
2022-08-25 13:42:00,0.0007057163020465
2022-08-25 13:43:00,0.0
2022-08-25 13:44:00,0.0010578279266572
2022-08-25 13:45:00,-0.0007044734061289
2022-08-25 13:47:00,0.0035211267605633
2022-08-25 13:48:00,0.0028070175438596
2022-08-25 13:49:00,0.0010496850944716
2022-08-25 13:50:00,-0.0041943376441803
2022-08-25 13:51:00,-0.0014040014040014
2022-08-25 13:52:00,-0.0017574692442882
2022-08-25 13:53:00,0.0003521126760563
2022-08-25 13:54:00,0.0
2022-08-25 13:55:00,0.0003519887363604
2022-08-25 13:56:00,0.0021111893033075
2022-08-25 13:57:00,-0.001755617977528
2022-08-25 13:58:00,-0.0003517411185367
2022-08-25 14:00:00,0.0010559662090813
2022-08-25 14:01:00,0.00070323488045
2022-08-25 14:02:00,0.0007027406886858
2022-08-25 14:03:00,-0.0010533707865168
2022-08-25 14:05:00,0.0003512469265893
2022-08-25 14:06:00,-0.0010533707865168
2022-08-25 14:07:00,0.0014059753954305
2022-08-25 14:08:00,-0.0007020007020007
2022-08-25 14:11:00,0.0007027406886858
2022-08-25 14:12:00,-0.0003511235955056
2022-08-25 14:13:00,-0.0010537407797681
2022-08-25 14:14:00,0.0
2022-08-25 14:15:00,0.00070323488045
2022-08-25 14:16:00,0.0010541110330288
2022-08-25 14:17:00,-0.001053001053001
2022-08-25 14:20:00,-0.0007027406886858
2022-08-25 14:21:00,-0.000351617440225
2022-08-25 14:24:00,0.000351617440225
2022-08-25 14:25:00,0.0003514938488576
2022-08-25 14:26:00,-0.0003513703443429
2022-08-25 14:27:00,0.0003514938488576
2022-08-25 14:28:00,-0.0003513703443429
2022-08-25 14:30:00,-0.0003514938488576
2022-08-25 14:31:00,-0.0024613220815752
2022-08-25 14:32:00,0.0
2022-08-25 14:33:00,0.0007049700387733
2022-08-25 14:34:00,0.0003522367030644
2022-08-25 14:35:00,-0.0003521126760563
2022-08-25 14:36:00,0.0007044734061289
2022-08-25 14:37:00,-0.0007039774727208
2022-08-25 14:38:00,-0.0014089468122578
2022-08-25 14:39:00,0.000705467372134
2022-08-25 14:40:00,-0.00105745505816
2022-08-25 14:41:00,-0.0007057163020465
2022-08-25 14:43:00,0.0
2022-08-25 14:44:00,0.0
2022-08-25 14:45:00,-0.0003528581510232
2022-08-25 14:47:00,-0.0021171489061397
2022-08-25 14:48:00,-0.0007072135785007
2022-08-25 14:49:00,-0.0007077140835102
2022-08-25 14:50:00,0.0007082152974504
2022-08-25 14:51:00,-0.0003538570417551
2022-08-25 14:53:00,0.0003538570417551
2022-08-25 14:54:00,0.0007074637424831
2022-08-25 14:55:00,0.0003534817956875
2022-08-25 14:56:00,0.0
2022-08-25 14:57:00,0.0
2022-08-25 14:58:00,-0.0007067137809187
2022-08-25 14:59:00,0.0021216407355021
2022-08-25 15:00:00,-0.0003528581510232
2022-08-26 09:02:00,0.0
2022-08-26 09:03:00,0.0003593244699964
2022-08-26 09:04:00,0.0
2022-08-26 09:05:00,-0.0010775862068965
2022-08-26 09:07:00,0.0003598416696653
2022-08-26 09:08:00,0.0003597122302158
2022-08-26 09:09:00,0.0010787486515641
2022-08-26 09:10:00,0.0014367816091954
2022-08-26 09:11:00,-0.0010760401721664
2022-08-26 09:13:00,0.0
2022-08-26 09:14:00,-0.000718132854578
2022-08-26 09:17:00,-0.0003588087549336
2022-08-26 09:18:00,0.0
2022-08-26 09:19:00,0.0003589375448671
2022-08-26 09:20:00,0.0
2022-08-26 09:21:00,-0.0003588087549336
2022-08-26 09:22:00,0.0007178750897343
2022-08-26 09:23:00,0.0003586800573888
2022-08-26 09:24:00,0.0010756543564001
2022-08-26 09:25:00,0.0017908309455587
2022-08-26 09:26:00,0.0021451555237754
2022-08-26 09:27:00,-0.0017838030681412
2022-08-26 09:29:00,-0.0014301036825169
2022-08-26 09:30:00,0.0017901897601145
2022-08-26 09:31:00,-0.0007147962830593
2022-08-26 09:32:00,-0.0010729613733905
2022-08-26 09:33:00,-0.0003580379520229
2022-08-26 09:34:00,0.0007163323782234
2022-08-26 09:35:00,0.0007158196134574
2022-08-26 09:36:00,0.0007153075822603
2022-08-26 09:37:00,0.0014295925661186
2022-08-26 09:38:00,-0.0010706638115631
2022-08-26 09:40:00,0.0003572704537334
2022-08-26 09:41:00,0.0014285714285714
2022-08-26 09:42:00,-0.0010699001426533
2022-08-26 09:44:00,-0.0007132667617689
2022-08-26 09:46:00,0.0
2022-08-26 09:47:00,-0.0007130124777183
2022-08-26 09:50:00,-0.0010706638115631
2022-08-26 09:51:00,0.0003572704537334
2022-08-26 09:52:00,0.0003571428571428
2022-08-26 09:53:00,0.0003570153516601
2022-08-26 09:54:00,0.0010706638115631
2022-08-26 09:55:00,0.0014260249554367
2022-08-26 09:56:00,-0.0007119971520113
2022-08-26 09:57:00,-0.0003562522265764
2022-08-26 09:58:00,0.0
2022-08-26 09:59:00,0.0010691375623663
2022-08-26 10:00:00,-0.001067995728017
2022-08-26 10:01:00,0.0
2022-08-26 10:03:00,0.0007135212272565
2022-08-26 10:04:00,0.0003565062388591
2022-08-26 10:05:00,0.0
2022-08-26 10:06:00,-0.0007127583749109
2022-08-26 10:08:00,-0.0003561253561253
2022-08-26 10:09:00,0.0
2022-08-26 10:10:00,-0.0007125044531528
2022-08-26 10:12:00,0.0
2022-08-26 10:13:00,0.0003562522265764
2022-08-26 10:14:00,0.0003561253561253
2022-08-26 10:15:00,-0.0003559985760056
2022-08-26 10:31:00,0.0014245014245014
2022-08-26 10:32:00,-0.001778093883357
2022-08-26 10:34:00,0.0007119971520113
2022-08-26 10:35:00,-0.0007114905727499
2022-08-26 10:36:00,-0.0003559985760056
2022-08-26 10:38:00,0.0
2022-08-26 10:39:00,0.0003559985760056
2022-08-26 10:40:00,0.0010676156583629
2022-08-26 10:41:00,-0.0003554923569143
2022-08-26 10:42:00,-0.0003556187766714
2022-08-26 10:43:00,0.0
2022-08-26 10:44:00,-0.0003557452863749
2022-08-26 10:45:00,0.0003558718861209
2022-08-26 10:46:00,0.0
2022-08-26 10:47:00,-0.0003557452863749
2022-08-26 10:50:00,-0.0007117437722419
2022-08-26 10:52:00,-0.0003557452863749
2022-08-26 10:53:00,-0.0007117437722419
2022-08-26 10:54:00,0.0003561253561253
2022-08-26 10:55:00,0.0003559985760056
2022-08-26 10:56:00,-0.0003558718861209
2022-08-26 10:58:00,0.0003558718861209
2022-08-26 10:59:00,0.0007114905727499
2022-08-26 11:00:00,0.0003554923569143
2022-08-26 11:01:00,-0.0003553660270078
2022-08-26 11:02:00,0.0007109847138286
2022-08-26 11:03:00,0.0
2022-08-26 11:04:00,-0.0003552397868561
2022-08-26 11:05:00,-0.0007107320540156
2022-08-26 11:07:00,0.0003558718861209
2022-08-26 11:08:00,0.0
2022-08-26 11:10:00,0.0
2022-08-26 11:11:00,0.001067995728017
2022-08-26 11:12:00,0.0
2022-08-26 11:13:00,-0.0007112375533428
2022-08-26 11:15:00,-0.0007114905727499
2022-08-26 11:17:00,0.0003557452863749
2022-08-26 11:18:00,-0.0010668563300142
2022-08-26 11:20:00,0.0003558718861209
2022-08-26 11:21:00,0.0021344717182497
2022-08-26 11:22:00,0.0010649627263045
2022-08-26 11:23:00,0.001418439716312
2022-08-26 11:24:00,0.0
2022-08-26 11:25:00,0.0010623229461756
2022-08-26 11:26:00,0.0007074637424831
2022-08-26 11:27:00,-0.0021208907741251
2022-08-26 11:30:00,-0.0003541076487252
2022-08-26 13:31:00,0.0007102272727272
2022-08-26 13:32:00,-0.0014194464158978
2022-08-26 13:34:00,0.0010649627263045
2022-08-26 13:35:00,0.000354609929078
2022-08-26 13:36:00,-0.0010634526763559
2022-08-26 13:39:00,0.0007099751508697
2022-08-26 13:40:00,0.0003547357218871
2022-08-26 13:41:00,0.0
2022-08-26 13:42:00,0.0
2022-08-26 13:43:00,0.000709219858156
2022-08-26 13:44:00,-0.0003543586109142
2022-08-26 13:47:00,0.00177304964539
2022-08-26 13:48:00,-0.0010619469026548
2022-08-26 13:50:00,0.0
2022-08-26 13:51:00,0.0010623229461756
2022-08-26 13:52:00,0.0003537318712415
2022-08-26 13:53:00,-0.0003536067892503
2022-08-26 13:54:00,-0.0003537318712415
2022-08-26 13:57:00,-0.0003538570417551
2022-08-26 13:58:00,-0.0007079646017699
2022-08-26 14:00:00,0.0
2022-08-26 14:02:00,0.0
2022-08-26 14:03:00,0.0003548616039744
2022-08-26 14:04:00,-0.0007094714437743
2022-08-26 14:05:00,0.0003549875754348
2022-08-26 14:06:00,0.0
2022-08-26 14:07:00,-0.0003548616039744
2022-08-26 14:08:00,0.0
2022-08-26 14:09:00,0.0007099751508697
2022-08-26 14:10:00,-0.0010642071656615
2022-08-26 14:12:00,0.0
2022-08-26 14:13:00,0.0003549875754348
2022-08-26 14:14:00,-0.0014194464158978
2022-08-26 14:15:00,0.0003553660270078
2022-08-26 14:16:00,-0.0010657193605683
2022-08-26 14:17:00,0.0014224751066856
2022-08-26 14:18:00,-0.0003551136363636
2022-08-26 14:19:00,0.0010657193605683
2022-08-26 14:20:00,0.0003548616039744
2022-08-26 14:21:00,-0.0007094714437743
2022-08-26 14:22:00,0.0007099751508697
2022-08-26 14:23:00,-0.0007094714437743
2022-08-26 14:25:00,0.0007097232079489
2022-08-26 14:26:00,-0.001063829787234
2022-08-26 14:29:00,-0.0003552397868561
2022-08-26 14:30:00,0.0
2022-08-26 14:31:00,-0.0007107320540156
2022-08-26 14:32:00,-0.0007112375533428
2022-08-26 14:33:00,-0.0007117437722419
2022-08-26 14:34:00,0.0007122507122507
2022-08-26 14:35:00,0.0003558718861209
2022-08-26 14:36:00,-0.0007114905727499
2022-08-26 14:38:00,0.0
2022-08-26 14:39:00,0.0007122507122507
2022-08-26 14:40:00,0.0
2022-08-26 14:42:00,0.0003559985760056
2022-08-26 14:43:00,0.0007117437722419
2022-08-26 14:44:00,-0.0003556187766714
2022-08-26 14:45:00,-0.0014229811454998
2022-08-26 14:47:00,0.0003559985760056
2022-08-26 14:48:00,-0.0007117437722419
2022-08-26 14:50:00,0.0
2022-08-26 14:51:00,0.0003559985760056
2022-08-26 14:52:00,0.0003558718861209
2022-08-26 14:53:00,0.0003557452863749
2022-08-26 14:54:00,0.0007112375533428
2022-08-26 14:55:00,0.0007107320540156
2022-08-26 14:56:00,-0.0007102272727272
2022-08-26 14:58:00,-0.0003551136363636
2022-08-26 14:59:00,0.0010657193605683
2022-08-26 15:00:00,-0.0003548616039744
2022-08-29 09:02:00,-0.0003576537911301
2022-08-29 09:03:00,0.0007155635062611
2022-08-29 09:04:00,0.0025026814444047
2022-08-29 09:05:00,0.0
2022-08-29 09:06:00,0.0024964336661911
2022-08-29 09:07:00,0.0003557452863749
2022-08-29 09:08:00,-0.0007112375533428
2022-08-29 09:09:00,-0.0003558718861209
2022-08-29 09:10:00,0.0007119971520113
2022-08-29 09:11:00,0.0017787264318747
2022-08-29 09:12:00,-0.0007102272727272
2022-08-29 09:13:00,0.0014214641080312
2022-08-29 09:14:00,-0.0003548616039744
2022-08-29 09:16:00,0.0003552397868561
2022-08-29 09:17:00,0.0010653409090909
2022-08-29 09:18:00,-0.0003547357218871
2022-08-29 09:19:00,-0.0010645848119233
2022-08-29 09:20:00,0.0017761989342806
2022-08-29 09:21:00,-0.001418439716312
2022-08-29 09:23:00,-0.0003552397868561
2022-08-29 09:25:00,-0.0010657193605683
2022-08-29 09:26:00,0.0003556187766714
2022-08-29 09:27:00,-0.0017774617845716
2022-08-29 09:29:00,0.0017799928800284
2022-08-29 09:30:00,0.0014214641080312
2022-08-29 09:31:00,0.0007097232079489
2022-08-29 09:32:00,0.001063829787234
2022-08-29 09:33:00,-0.0010626992561105
2022-08-29 09:34:00,0.000354609929078
2022-08-29 09:35:00,-0.0010634526763559
2022-08-29 09:36:00,0.0
2022-08-29 09:37:00,0.0003548616039744
2022-08-29 09:38:00,0.0007094714437743
2022-08-29 09:39:00,-0.0007089684509039
2022-08-29 09:40:00,-0.0010642071656615
2022-08-29 09:42:00,0.0
2022-08-29 09:43:00,0.0007099751508697
2022-08-29 09:44:00,-0.0007094714437743
2022-08-29 09:45:00,-0.0007099751508697
2022-08-29 09:48:00,-0.0003552397868561
2022-08-29 09:50:00,0.0003554923569143
2022-08-29 09:51:00,0.0007107320540156
2022-08-29 09:52:00,-0.0007102272727272
2022-08-29 09:54:00,0.0003549875754348
2022-08-29 09:55:00,-0.0014194464158978
2022-08-29 09:57:00,-0.0003552397868561
2022-08-29 09:58:00,0.0
2022-08-29 09:59:00,0.0003553660270078
2022-08-29 10:00:00,-0.0017761989342806
2022-08-29 10:02:00,-0.0003559985760056
2022-08-29 10:03:00,0.0
2022-08-29 10:04:00,-0.0003561253561253
2022-08-29 10:05:00,-0.0014250089063056
2022-08-29 10:06:00,0.0007135212272565
2022-08-29 10:07:00,0.0007130124777183
2022-08-29 10:08:00,0.0
2022-08-29 10:09:00,-0.0007125044531528
2022-08-29 10:10:00,0.0
2022-08-29 10:11:00,0.0003565062388591
2022-08-29 10:12:00,-0.0003563791874554
2022-08-29 10:13:00,0.0
2022-08-29 10:14:00,0.0003565062388591
2022-08-29 10:15:00,0.0
2022-08-29 10:31:00,0.0
2022-08-29 10:32:00,-0.0010687566797292
2022-08-29 10:34:00,-0.0003565062388591
2022-08-29 10:35:00,-0.0014265335235378
2022-08-29 10:37:00,0.0007137758743754
2022-08-29 10:38:00,0.0003566333808844
2022-08-29 10:39:00,0.0
2022-08-29 10:40:00,0.0
2022-08-29 10:41:00,-0.0003565062388591
2022-08-29 10:42:00,-0.0003566333808844
2022-08-29 10:43:00,-0.0003567606136282
2022-08-29 10:45:00,-0.0003565062388591
2022-08-29 10:47:00,-0.0003565062388591
2022-08-29 10:49:00,0.0
2022-08-29 10:50:00,0.0017831669044222
2022-08-29 10:51:00,-0.0014239943040227
2022-08-29 10:52:00,-0.0003565062388591
2022-08-29 10:53:00,-0.0003566333808844
2022-08-29 10:55:00,0.0
2022-08-29 10:56:00,0.0003566333808844
2022-08-29 10:57:00,-0.0003565062388591
2022-08-29 11:00:00,0.0
2022-08-29 11:01:00,-0.0007132667617689
2022-08-29 11:03:00,0.0003568879371877
2022-08-29 11:04:00,0.0
2022-08-29 11:05:00,-0.0010702818408847
2022-08-29 11:07:00,0.0003571428571428
2022-08-29 11:08:00,0.0003570153516601
2022-08-29 11:09:00,-0.0007137758743754
2022-08-29 11:11:00,0.0
2022-08-29 11:13:00,-0.0003568879371877
2022-08-29 11:14:00,0.0
2022-08-29 11:15:00,-0.0007140307033202
2022-08-29 11:17:00,0.0
2022-08-29 11:18:00,0.0
2022-08-29 11:19:00,0.0010718113612004
2022-08-29 11:20:00,-0.0003568879371877
2022-08-29 11:21:00,0.0
2022-08-29 11:22:00,0.0007140307033202
2022-08-29 11:23:00,-0.0007135212272565
2022-08-29 11:25:00,0.0
2022-08-29 11:26:00,0.0
2022-08-29 11:27:00,-0.0007135212272565
2022-08-29 11:29:00,-0.0007137758743754
2022-08-29 13:31:00,0.0007135212272565
2022-08-29 13:32:00,0.0
2022-08-29 13:33:00,-0.0007130124777183
2022-08-29 13:34:00,-0.0017838030681412
2022-08-29 13:36:00,0.0003573981415296
2022-08-29 13:37:00,0.0007145409074669
2022-08-29 13:38:00,0.0017850767583006
2022-08-29 13:39:00,-0.0007127583749109
2022-08-29 13:40:00,-0.0007132667617689
2022-08-29 13:42:00,0.0
2022-08-29 13:43:00,-0.0007135212272565
2022-08-29 13:45:00,-0.0010695187165775
2022-08-29 13:46:00,0.0
2022-08-29 13:48:00,0.0003567606136282
2022-08-29 13:49:00,-0.0003566333808844
2022-08-29 13:51:00,0.0003565062388591
2022-08-29 13:52:00,-0.0007127583749109
2022-08-29 13:55:00,0.0003570153516601
2022-08-29 13:56:00,-0.0007137758743754
2022-08-29 13:57:00,0.0007142857142857
2022-08-29 13:58:00,-0.0003568879371877
2022-08-29 13:59:00,-0.0007140307033202
2022-08-29 14:00:00,-0.0003572704537334
2022-08-29 14:02:00,0.0
2022-08-29 14:03:00,0.0003573981415296
2022-08-29 14:04:00,-0.0010718113612004
2022-08-29 14:07:00,0.0014450867052023
2022-08-29 14:08:00,-0.0036075036075036
2022-08-29 14:09:00,-0.002534395365677
2022-08-29 14:10:00,-0.002540834845735
2022-08-29 14:11:00,0.0003639010189228
2022-08-29 14:12:00,-0.0010913059294288
2022-08-29 14:13:00,-0.0007283321194464
2022-08-29 14:14:00,-0.0021865889212827
2022-08-29 14:16:00,0.0003650967506389
2022-08-29 14:17:00,0.0
2022-08-29 14:18:00,-0.0010948905109489
2022-08-29 14:20:00,0.0
2022-08-29 14:21:00,0.0
2022-08-29 14:22:00,-0.0021913805697589
2022-08-29 14:24:00,0.0007326007326007
2022-08-29 14:25:00,-0.0014641288433382
2022-08-29 14:27:00,0.000733137829912
2022-08-29 14:28:00,-0.0007326007326007
2022-08-29 14:29:00,0.002199413489736
2022-08-29 14:30:00,0.0021945866861741
2022-08-29 14:31:00,-0.0014598540145985
2022-08-29 14:33:00,0.0021865889212827
2022-08-29 14:34:00,-0.0007272727272727
2022-08-29 14:35:00,0.0003639010189228
2022-08-29 14:36:00,-0.0010913059294288
2022-08-29 14:37:00,0.0003641660597232
2022-08-29 14:38:00,0.002184200946487
2022-08-29 14:39:00,0.0021794406102433
2022-08-29 14:40:00,0.0003624501631025
2022-08-29 14:41:00,0.0010869565217391
2022-08-29 14:42:00,-0.001085776330076
2022-08-29 14:43:00,0.0003623188405797
2022-08-29 14:44:00,-0.0010865628395508
2022-08-29 14:45:00,0.0
2022-08-29 14:46:00,0.0014503263234227
2022-08-29 14:47:00,-0.001086169442433
2022-08-29 14:49:00,0.0003619254433586
2022-08-29 14:50:00,-0.0014471780028943
2022-08-29 14:51:00,0.0
2022-08-29 14:52:00,0.0003623188405797
2022-08-29 14:53:00,0.0025353132922854
2022-08-29 14:54:00,0.0
2022-08-29 14:55:00,0.0
2022-08-29 14:57:00,0.0
2022-08-29 14:58:00,-0.0018057060310581
2022-08-29 14:59:00,0.0010853835021707
2022-08-29 15:00:00,0.0
2022-08-30 09:02:00,-0.0014295925661186
2022-08-30 09:03:00,0.0028632784538296
2022-08-30 09:04:00,0.0010706638115631
2022-08-30 09:05:00,-0.0017825311942959
2022-08-30 09:06:00,-0.0003571428571428
2022-08-30 09:07:00,0.0
2022-08-30 09:08:00,0.0014290818149339
2022-08-30 09:09:00,-0.0003567606136282
2022-08-30 09:12:00,-0.0007142857142857
2022-08-30 09:14:00,-0.0014265335235378
2022-08-30 09:16:00,-0.0017838030681412
2022-08-30 09:18:00,-0.0014295925661186
2022-08-30 09:20:00,0.0
2022-08-30 09:21:00,-0.0003577817531305
2022-08-30 09:23:00,0.0021497671085632
2022-08-30 09:24:00,0.0
2022-08-30 09:25:00,0.0
2022-08-30 09:28:00,0.0
2022-08-30 09:29:00,-0.0003577817531305
2022-08-30 09:30:00,-0.0003579098067287
2022-08-30 09:33:00,-0.0014326647564469
2022-08-30 09:34:00,0.0007173601147776
2022-08-30 09:35:00,0.0010752688172043
2022-08-30 09:36:00,-0.0007160759040458
2022-08-30 09:38:00,0.0
2022-08-30 09:39:00,-0.0003580379520229
2022-08-30 09:40:00,-0.0003581661891117
2022-08-30 09:41:00,-0.0003582945180938
2022-08-30 09:42:00,0.0
2022-08-30 09:43:00,0.0
2022-08-30 09:45:00,0.0
2022-08-30 09:46:00,0.0007165890361877
2022-08-30 09:47:00,0.0003580379520229
2022-08-30 09:48:00,-0.0007158196134574
2022-08-30 09:49:00,-0.0003581661891117
2022-08-30 09:51:00,0.0003582945180938
2022-08-30 09:52:00,-0.0007163323782234
2022-08-30 09:53:00,-0.0007168458781362
2022-08-30 09:54:00,0.0007173601147776
2022-08-30 09:55:00,-0.0007168458781362
2022-08-30 09:58:00,-0.000359066427289
2022-08-30 09:59:00,0.0007183908045977
2022-08-30 10:00:00,0.0014357501794687
2022-08-30 10:01:00,-0.0028673835125448
2022-08-30 10:03:00,-0.0003591954022988
2022-08-30 10:04:00,-0.0014372978799856
2022-08-30 10:06:00,0.0007194244604316
2022-08-30 10:07:00,0.0003594536304816
2022-08-30 10:08:00,0.0
2022-08-30 10:09:00,-0.0010779734099892
2022-08-30 10:11:00,-0.0003594536304816
2022-08-30 10:12:00,0.0003595828838547
2022-08-30 10:13:00,0.001078360891445
2022-08-30 10:14:00,0.0
2022-08-30 10:15:00,0.0
2022-08-30 10:35:00,0.0010834236186348
2022-08-30 10:36:00,-0.0003607503607503
2022-08-30 10:38:00,0.0
2022-08-30 10:39:00,0.0
2022-08-30 10:40:00,0.0014435221941537
2022-08-30 10:41:00,0.0007207207207207
2022-08-30 10:42:00,0.0
2022-08-30 10:44:00,-0.0014409221902017
2022-08-30 10:45:00,0.0014430014430014
2022-08-30 10:46:00,0.0010806916426512
2022-08-30 10:47:00,-0.0003598416696653
2022-08-30 10:48:00,-0.0007199424046076
2022-08-30 10:50:00,-0.001079525008996
2022-08-30 10:52:00,0.0
2022-08-30 10:53:00,-0.0007194244604316
2022-08-30 10:54:00,0.0003599712023038
2022-08-30 10:55:00,-0.001079525008996
2022-08-30 10:57:00,0.0003602305475504
2022-08-30 10:58:00,0.0010803024846957
2022-08-30 10:59:00,-0.0010791366906474
2022-08-30 11:01:00,0.0003603603603603
2022-08-30 11:02:00,-0.0007204610951008
2022-08-30 11:03:00,-0.0007209805335255
2022-08-30 11:06:00,-0.001082251082251
2022-08-30 11:08:00,-0.0010830324909747
2022-08-30 11:09:00,0.0010842067220816
2022-08-30 11:10:00,0.0
2022-08-30 11:11:00,0.0
2022-08-30 11:13:00,-0.0003608805485384
2022-08-30 11:14:00,-0.0003610108303249
2022-08-30 11:15:00,0.0003611412062116
2022-08-30 11:16:00,0.0003610108303249
2022-08-30 11:17:00,-0.0007217610970768
2022-08-30 11:19:00,0.0003617945007235
2022-08-30 11:20:00,0.0007233273056057
2022-08-30 11:21:00,0.0007228044813877
2022-08-30 11:22:00,0.0003611412062116
2022-08-30 11:23:00,0.0003610108303249
2022-08-30 11:24:00,-0.0007217610970768
2022-08-30 11:27:00,0.0007222824124232
2022-08-30 11:28:00,-0.0010826416456153
2022-08-30 11:29:00,0.0010838150289017
2022-08-30 11:30:00,-0.0003608805485384
2022-08-30 13:31:00,0.0
2022-08-30 13:32:00,-0.0003597122302158
2022-08-30 13:33:00,0.0
2022-08-30 13:34:00,0.0007196833393306
2022-08-30 13:35:00,0.0021574973031283
2022-08-30 13:36:00,0.0003588087549336
2022-08-30 13:37:00,0.0003586800573888
2022-08-30 13:38:00,-0.0010756543564001
2022-08-30 13:39:00,0.0007178750897343
2022-08-30 13:40:00,-0.0007173601147776
2022-08-30 13:43:00,-0.0007189072609633
2022-08-30 13:44:00,0.0014388489208633
2022-08-30 13:45:00,-0.0007183908045977
2022-08-30 13:46:00,-0.0003594536304816
2022-08-30 13:48:00,0.0
2022-08-30 13:49:00,-0.0007186489399928
2022-08-30 13:51:00,0.001078360891445
2022-08-30 13:52:00,-0.000359066427289
2022-08-30 13:55:00,-0.0010775862068965
2022-08-30 13:57:00,0.0
2022-08-30 13:58:00,0.0007186489399928
2022-08-30 13:59:00,0.0
2022-08-30 14:00:00,-0.000359066427289
2022-08-30 14:01:00,0.0003591954022988
2022-08-30 14:02:00,0.000359066427289
2022-08-30 14:03:00,-0.0003589375448671
2022-08-30 14:04:00,-0.000359066427289
2022-08-30 14:05:00,0.0
2022-08-30 14:06:00,-0.0007183908045977
2022-08-30 14:07:00,0.0
2022-08-30 14:08:00,0.0
2022-08-30 14:10:00,-0.000359066427289
2022-08-30 14:11:00,-0.0010775862068965
2022-08-30 14:13:00,0.0
2022-08-30 14:14:00,-0.0007186489399928
2022-08-30 14:16:00,0.0
2022-08-30 14:17:00,-0.0010779734099892
2022-08-30 14:21:00,0.0
2022-08-30 14:23:00,0.0010814708002883
2022-08-30 14:24:00,-0.0003601008282319
2022-08-30 14:25:00,-0.0003602305475504
2022-08-30 14:26:00,-0.0007207207207207
2022-08-30 14:27:00,0.0003606202668589
2022-08-30 14:28:00,0.0
2022-08-30 14:29:00,0.0
2022-08-30 14:30:00,0.0014419610670511
2022-08-30 14:31:00,-0.0014398848092152
2022-08-30 14:33:00,-0.0003602305475504
2022-08-30 14:34:00,-0.0007207207207207
2022-08-30 14:35:00,0.0003606202668589
2022-08-30 14:36:00,0.0003604902667627
2022-08-30 14:37:00,-0.0003603603603603
2022-08-30 14:38:00,-0.0007209805335255
2022-08-30 14:41:00,0.0010830324909747
2022-08-30 14:42:00,0.0003606202668589
2022-08-30 14:43:00,0.0003604902667627
2022-08-30 14:44:00,0.001081081081081
2022-08-30 14:45:00,-0.0003599712023038
2022-08-30 14:46:00,0.0007202016564638
2022-08-30 14:47:00,0.001079525008996
2022-08-30 14:48:00,0.0003594536304816
2022-08-30 14:49:00,-0.0003593244699964
2022-08-30 14:50:00,-0.0014378145219266
2022-08-30 14:52:00,-0.0003598416696653
2022-08-30 14:56:00,-0.0003597122302158
2022-08-30 14:57:00,-0.0003598416696653
2022-08-30 14:59:00,0.0
2022-08-31 09:02:00,0.0021881838074398
2022-08-31 09:03:00,-0.0014556040756914
2022-08-31 09:04:00,0.0014577259475218
2022-08-31 09:05:00,-0.0010917030567685
2022-08-31 09:06:00,-0.0007285974499089
2022-08-31 09:07:00,0.0007291286912139
2022-08-31 09:08:00,-0.0003642987249544
2022-08-31 09:09:00,0.0003644314868804
2022-08-31 09:10:00,0.0007285974499089
2022-08-31 09:11:00,-0.0007280669821623
2022-08-31 09:12:00,0.0003642987249544
2022-08-31 09:13:00,-0.0010924981791697
2022-08-31 09:14:00,-0.0010936930368209
2022-08-31 09:15:00,0.0
2022-08-31 09:16:00,0.0
2022-08-31 09:17:00,-0.0003649635036496
2022-08-31 09:18:00,0.0003650967506389
2022-08-31 09:19:00,0.0007299270072992
2022-08-31 09:20:00,-0.0032822757111597
2022-08-31 09:21:00,0.0014635931211123
2022-08-31 09:22:00,0.0
2022-08-31 09:23:00,-0.0018268176835951
2022-08-31 09:25:00,0.0
2022-08-31 09:26:00,-0.0007309941520467
2022-08-31 09:28:00,0.000365898280278
2022-08-31 09:29:00,-0.001097293343087
2022-08-31 09:31:00,0.0010956902848794
2022-08-31 09:32:00,0.0014593214155417
2022-08-31 09:33:00,0.0
2022-08-31 09:34:00,0.0029143897996357
2022-08-31 09:35:00,-0.0010897203051216
2022-08-31 09:36:00,0.0018181818181818
2022-08-31 09:37:00,0.0
2022-08-31 09:38:00,0.0014519056261343
2022-08-31 09:39:00,-0.0007249003262051
2022-08-31 09:40:00,0.001088139281828
2022-08-31 09:41:00,0.0007246376811594
2022-08-31 09:42:00,-0.000362056480811
2022-08-31 09:44:00,0.0
2022-08-31 09:48:00,0.0014498006524102
2022-08-31 09:49:00,0.0025334781035106
2022-08-31 09:50:00,0.0007220216606498
2022-08-31 09:51:00,-0.0014430014430014
2022-08-31 09:52:00,-0.0010838150289017
2022-08-31 09:53:00,0.0
2022-08-31 09:54:00,0.0007233273056057
2022-08-31 09:55:00,0.0003614022406938
2022-08-31 09:56:00,0.0007225433526011
2022-08-31 09:57:00,-0.0007220216606498
2022-08-31 09:58:00,0.0
2022-08-31 09:59:00,0.0021676300578034
2022-08-31 10:00:00,0.0
2022-08-31 10:01:00,0.0007209805335255
2022-08-31 10:02:00,-0.0010806916426512
2022-08-31 10:03:00,-0.0014424810674359
2022-08-31 10:05:00,0.0
2022-08-31 10:06:00,0.0010826416456153
2022-08-31 10:07:00,-0.0010814708002883
2022-08-31 10:09:00,-0.001081081081081
2022-08-31 10:12:00,-0.0003606202668589
2022-08-31 10:13:00,-0.0003607503607503
2022-08-31 10:15:00,0.0
2022-08-31 10:32:00,0.0007207207207207
2022-08-31 10:33:00,0.0003601008282319
2022-08-31 10:34:00,0.0
2022-08-31 10:35:00,0.0003599712023038
2022-08-31 10:36:00,0.0007196833393306
2022-08-31 10:37:00,0.0010787486515641
2022-08-31 10:38:00,0.0007183908045977
2022-08-31 10:39:00,0.0003589375448671
2022-08-31 10:40:00,0.0
2022-08-31 10:41:00,-0.0010764262648008
2022-08-31 10:43:00,0.0
2022-08-31 10:44:00,-0.0007183908045977
2022-08-31 10:46:00,0.0
2022-08-31 10:47:00,0.0
2022-08-31 10:48:00,0.0007183908045977
2022-08-31 10:49:00,-0.0007178750897343
2022-08-31 10:52:00,0.000359066427289
2022-08-31 10:53:00,-0.0007178750897343
2022-08-31 10:55:00,0.0007196833393306
2022-08-31 10:56:00,0.0003595828838547
2022-08-31 10:57:00,-0.0014378145219266
2022-08-31 10:58:00,0.0007199424046076
2022-08-31 10:59:00,0.0007194244604316
2022-08-31 11:00:00,-0.0007189072609633
2022-08-31 11:04:00,0.0
2022-08-31 11:06:00,0.001079525008996
2022-08-31 11:07:00,0.0007189072609633
2022-08-31 11:08:00,0.0003591954022988
2022-08-31 11:09:00,-0.0010771992818671
2022-08-31 11:11:00,0.0
2022-08-31 11:12:00,-0.000718132854578
2022-08-31 11:14:00,-0.0017895490336435
2022-08-31 11:16:00,-0.0003576537911301
2022-08-31 11:17:00,-0.0007155635062611
2022-08-31 11:18:00,-0.0007160759040458
2022-08-31 11:19:00,-0.0014331780723754
2022-08-31 11:20:00,-0.0003588087549336
2022-08-31 11:21:00,-0.0007178750897343
2022-08-31 11:23:00,-0.001078360891445
2022-08-31 11:24:00,-0.0007196833393306
2022-08-31 11:25:00,0.0003601008282319
2022-08-31 11:26:00,0.0
2022-08-31 11:27:00,0.0010799136069114
2022-08-31 11:28:00,0.0003595828838547
2022-08-31 11:29:00,0.0
2022-08-31 11:30:00,0.0
2022-08-31 13:31:00,0.0003585514521333
2022-08-31 13:32:00,0.0007168458781362
2022-08-31 13:33:00,-0.0003581661891117
2022-08-31 13:34:00,-0.0007165890361877
2022-08-31 13:35:00,0.0
2022-08-31 13:36:00,-0.0007171029042667
2022-08-31 13:37:00,-0.0010764262648008
2022-08-31 13:42:00,0.0014393666786613
2022-08-31 13:43:00,-0.0007186489399928
2022-08-31 13:44:00,0.0
2022-08-31 13:45:00,0.0
2022-08-31 13:46:00,-0.0003595828838547
2022-08-31 13:47:00,-0.0003597122302158
2022-08-31 13:50:00,0.0007204610951008
2022-08-31 13:51:00,0.0007199424046076
2022-08-31 13:52:00,0.0007194244604316
2022-08-31 13:53:00,-0.0003594536304816
2022-08-31 13:54:00,0.0003595828838547
2022-08-31 13:55:00,0.0007189072609633
2022-08-31 13:56:00,-0.0007183908045977
2022-08-31 14:00:00,0.0007191657677094
2022-08-31 14:01:00,-0.0007186489399928
2022-08-31 14:02:00,-0.0014383315354189
2022-08-31 14:04:00,-0.0003598416696653
2022-08-31 14:06:00,0.0007199424046076
2022-08-31 14:07:00,-0.0014388489208633
2022-08-31 14:08:00,0.0003602305475504
2022-08-31 14:09:00,0.0
2022-08-31 14:10:00,0.0003601008282319
2022-08-31 14:11:00,0.0
2022-08-31 14:12:00,-0.0003599712023038
2022-08-31 14:14:00,-0.0003597122302158
2022-08-31 14:16:00,-0.0003599712023038
2022-08-31 14:18:00,0.0
2022-08-31 14:21:00,0.0003594536304816
2022-08-31 14:22:00,-0.0010779734099892
2022-08-31 14:25:00,-0.0003601008282319
2022-08-31 14:26:00,0.0007204610951008
2022-08-31 14:27:00,-0.0003599712023038
2022-08-31 14:30:00,0.0007196833393306
2022-08-31 14:31:00,0.0
2022-08-31 14:32:00,0.0003595828838547
2022-08-31 14:33:00,-0.001078360891445
2022-08-31 14:35:00,0.0010803024846957
2022-08-31 14:36:00,-0.0003597122302158
2022-08-31 14:37:00,-0.0003598416696653
2022-08-31 14:38:00,0.0010799136069114
2022-08-31 14:39:00,-0.0003595828838547
2022-08-31 14:40:00,-0.0003597122302158
2022-08-31 14:41:00,-0.0003598416696653
2022-08-31 14:42:00,-0.001799856011519
2022-08-31 14:44:00,-0.0010806916426512
2022-08-31 14:46:00,0.0003606202668589
2022-08-31 14:47:00,-0.0007209805335255
2022-08-31 14:49:00,0.0
2022-08-31 14:50:00,-0.0003604902667627
2022-08-31 14:51:00,-0.0007212405337179
2022-08-31 14:53:00,0.0007212405337179
2022-08-31 14:54:00,0.0
2022-08-31 14:55:00,0.0003603603603603
2022-08-31 14:56:00,0.0010806916426512
2022-08-31 14:57:00,-0.0003598416696653
2022-08-31 14:58:00,0.0003599712023038
2022-08-31 14:59:00,0.0007196833393306
2022-08-31 15:00:00,0.0
2022-09-01 09:02:00,-0.0007228044813877
2022-09-01 09:03:00,0.0010849909584086
2022-09-01 09:04:00,0.0003612716763005
2022-09-01 09:05:00,-0.0007222824124232
2022-09-01 09:07:00,0.0007225433526011
2022-09-01 09:08:00,-0.0018050541516245
2022-09-01 09:10:00,-0.0007238508867173
2022-09-01 09:11:00,0.0003621876131836
2022-09-01 09:12:00,0.001448225923244
2022-09-01 09:13:00,-0.0010845986984815
2022-09-01 09:15:00,-0.0003616636528028
2022-09-01 09:16:00,0.0
2022-09-01 09:17:00,0.0003617945007235
2022-09-01 09:18:00,-0.0010849909584086
2022-09-01 09:20:00,-0.0010853835021707
2022-09-01 09:22:00,0.0007235890014471
2022-09-01 09:23:00,0.0007230657989877
2022-09-01 09:24:00,-0.0003612716763005
2022-09-01 09:25:00,-0.0014456089627755
2022-09-01 09:28:00,0.0003623188405797
2022-09-01 09:29:00,0.0003621876131836
2022-09-01 09:30:00,0.0
2022-09-01 09:31:00,0.000362056480811
2022-09-01 09:32:00,-0.0003619254433586
2022-09-01 09:33:00,-0.000362056480811
2022-09-01 09:34:00,0.0018109380659181
2022-09-01 09:35:00,-0.0003615328994938
2022-09-01 09:36:00,0.0003616636528028
2022-09-01 09:37:00,0.0
2022-09-01 09:38:00,-0.0014461315979754
2022-09-01 09:40:00,0.0
2022-09-01 09:41:00,0.0007238508867173
2022-09-01 09:42:00,-0.0003616636528028
2022-09-01 09:43:00,-0.0003617945007235
2022-09-01 09:44:00,-0.0007238508867173
2022-09-01 09:47:00,0.0003624501631025
2022-09-01 09:48:00,-0.0003623188405797
2022-09-01 09:49:00,-0.0007249003262051
2022-09-01 09:50:00,-0.0003627130939426
2022-09-01 09:51:00,0.0007256894049346
2022-09-01 09:52:00,0.0
2022-09-01 09:53:00,0.0
2022-09-01 09:54:00,-0.0003625815808556
2022-09-01 09:55:00,0.0003627130939426
2022-09-01 09:56:00,0.0014503263234227
2022-09-01 09:57:00,-0.000724112961622
2022-09-01 09:59:00,0.0
2022-09-01 10:01:00,0.0
2022-09-01 10:03:00,0.0003621876131836
2022-09-01 10:04:00,0.000362056480811
2022-09-01 10:05:00,0.0
2022-09-01 10:06:00,0.0003619254433586
2022-09-01 10:07:00,-0.0003617945007235
2022-09-01 10:09:00,-0.0003617945007235
2022-09-01 10:12:00,-0.000724112961622
2022-09-01 10:14:00,0.0
2022-09-01 10:15:00,0.000362056480811
2022-09-01 10:31:00,-0.0003619254433586
2022-09-01 10:33:00,0.0
2022-09-01 10:34:00,-0.0010845986984815
2022-09-01 10:35:00,0.0
2022-09-01 10:36:00,-0.0007238508867173
2022-09-01 10:38:00,-0.000724112961622
2022-09-01 10:39:00,-0.0003623188405797
2022-09-01 10:41:00,0.0003623188405797
2022-09-01 10:42:00,-0.0007243752263672
2022-09-01 10:44:00,0.0
2022-09-01 10:45:00,0.0003625815808556
2022-09-01 10:46:00,0.0
2022-09-01 10:47:00,-0.0003624501631025
2022-09-01 10:48:00,0.0
2022-09-01 10:49:00,0.0
2022-09-01 10:50:00,0.0007251631617113
2022-09-01 10:51:00,0.0010869565217391
2022-09-01 10:52:00,-0.0003619254433586
2022-09-01 10:54:00,-0.0010845986984815
2022-09-01 10:56:00,0.0007233273056057
2022-09-01 10:57:00,0.0003614022406938
2022-09-01 10:58:00,0.0007225433526011
2022-09-01 10:59:00,0.0025270758122743
2022-09-01 11:00:00,-0.0018005041411595
2022-09-01 11:01:00,0.0007215007215007
2022-09-01 11:02:00,0.0003604902667627
2022-09-01 11:03:00,0.001081081081081
2022-09-01 11:04:00,-0.0010799136069114
2022-09-01 11:06:00,0.0010799136069114
2022-09-01 11:07:00,0.0007191657677094
2022-09-01 11:08:00,0.0010779734099892
2022-09-01 11:09:00,-0.0007178750897343
2022-09-01 11:10:00,0.0010775862068965
2022-09-01 11:11:00,0.0017940437746681
2022-09-01 11:12:00,0.0014326647564469
2022-09-01 11:13:00,0.0
2022-09-01 11:14:00,0.0010729613733905
2022-09-01 11:15:00,0.0
2022-09-01 11:16:00,0.0035727045373347
2022-09-01 11:17:00,0.001067995728017
2022-09-01 11:18:00,-0.0042674253200568
2022-09-01 11:19:00,0.0021428571428571
2022-09-01 11:20:00,0.0003563791874554
2022-09-01 11:21:00,0.0010687566797292
2022-09-01 11:22:00,-0.0024911032028469
2022-09-01 11:23:00,-0.0021405636817695
2022-09-01 11:24:00,0.0014301036825169
2022-09-01 11:25:00,0.0017850767583006
2022-09-01 11:26:00,-0.0035637918745545
2022-09-01 11:28:00,-0.0017876296031462
2022-09-01 11:30:00,0.0
2022-09-01 13:31:00,-0.0007171029042667
2022-09-01 13:32:00,-0.0010764262648008
2022-09-01 13:33:00,-0.0007183908045977
2022-09-01 13:34:00,0.0003594536304816
2022-09-01 13:35:00,-0.0007186489399928
2022-09-01 13:37:00,0.000359066427289
2022-09-01 13:38:00,0.0003589375448671
2022-09-01 13:39:00,-0.0014352350197344
2022-09-01 13:40:00,-0.0003593244699964
2022-09-01 13:42:00,0.0017959770114942
2022-09-01 13:43:00,-0.0014342058085335
2022-09-01 13:44:00,0.0010771992818671
2022-09-01 13:45:00,-0.0003586800573888
2022-09-01 13:46:00,0.0014352350197344
2022-09-01 13:47:00,-0.0007165890361877
2022-09-01 13:48:00,-0.0003585514521333
2022-09-01 13:51:00,0.0017927572606669
2022-09-01 13:52:00,-0.0028632784538296
2022-09-01 13:54:00,0.0003586800573888
2022-09-01 13:55:00,0.0003585514521333
2022-09-01 13:56:00,0.0
2022-09-01 13:57:00,-0.0007168458781362
2022-09-01 13:58:00,0.0003586800573888
2022-09-01 13:59:00,0.0003585514521333
2022-09-01 14:00:00,0.0
2022-09-01 14:01:00,-0.0010752688172043
2022-09-01 14:02:00,-0.0003588087549336
2022-09-01 14:03:00,0.0003589375448671
2022-09-01 14:04:00,0.0
2022-09-01 14:05:00,-0.0003588087549336
2022-09-01 14:07:00,0.0
2022-09-01 14:10:00,-0.0007178750897343
2022-09-01 14:13:00,0.0
2022-09-01 14:15:00,0.0003594536304816
2022-09-01 14:16:00,0.0003593244699964
2022-09-01 14:17:00,0.0014367816091954
2022-09-01 14:18:00,-0.0003586800573888
2022-09-01 14:19:00,-0.0010764262648008
2022-09-01 14:20:00,0.0003591954022988
2022-09-01 14:21:00,0.000718132854578
2022-09-01 14:22:00,-0.0003588087549336
2022-09-01 14:23:00,0.0003589375448671
2022-09-01 14:24:00,-0.0010764262648008
2022-09-01 14:26:00,0.0
2022-09-01 14:27:00,0.0003591954022988
2022-09-01 14:28:00,0.000718132854578
2022-09-01 14:29:00,0.0007176175098672
2022-09-01 14:30:00,0.0007171029042667
2022-09-01 14:31:00,-0.0003582945180938
2022-09-01 14:32:00,-0.0003584229390681
2022-09-01 14:34:00,-0.0007163323782234
2022-09-01 14:35:00,0.0
2022-09-01 14:36:00,0.0010752688172043
2022-09-01 14:37:00,0.0
2022-09-01 14:38:00,0.0003580379520229
2022-09-01 14:39:00,0.0007158196134574
2022-09-01 14:40:00,0.0010729613733905
2022-09-01 14:41:00,0.0003572704537334
2022-09-01 14:42:00,-0.0010714285714285
2022-09-01 14:43:00,0.0003575259206292
2022-09-01 14:44:00,0.0007147962830593
2022-09-01 14:45:00,0.0
2022-09-01 14:46:00,0.0
2022-09-01 14:48:00,0.0
2022-09-01 14:49:00,-0.0021466905187835
2022-09-01 14:50:00,-0.0007171029042667
2022-09-01 14:51:00,0.0010764262648008
2022-09-01 14:52:00,0.0003584229390681
2022-09-01 14:53:00,0.0
2022-09-01 14:54:00,0.0010748835542816
2022-09-01 14:55:00,0.0007158196134574
2022-09-01 14:56:00,0.0
2022-09-01 14:57:00,0.0021459227467811
2022-09-01 14:58:00,-0.0007137758743754
2022-09-01 14:59:00,-0.0010714285714285
2022-09-01 15:00:00,0.0
